Cobertura,Satellite,date,Mean_NDVI
Bosque,Landsat,2016-01-08,0.3173714431093874
Bosque,Landsat,2016-01-24,0.31979501121598647
Bosque,Landsat,2016-02-09,0.32221857932258546
Bosque,Landsat,2016-02-25,0.3066976985891318
Bosque,Landsat,2016-03-11,0.2971992634986028
Bosque,Landsat,2016-03-27,0.29260137640290257
Bosque,Landsat,2016-04-12,0.29627595865446765
Bosque,Landsat,2016-04-28,0.3403515080052728
Bosque,Landsat,2016-05-14,0.384427057356078
Bosque,Landsat,2016-05-30,0.42850260670688317
Bosque,Landsat,2016-06-15,0.44090387868385056
Bosque,Landsat,2016-06-30,0.43256573737380577
Bosque,Landsat,2016-07-16,0.42422759606376104
Bosque,Landsat,2016-08-01,0.41588945475371625
Bosque,Landsat,2016-08-17,0.4075513134436715
Bosque,Landsat,2016-09-02,0.3992131721336267
Bosque,Landsat,2016-09-18,0.4040031900236915
Bosque,Landsat,2016-10-04,0.4145321095435473
Bosque,Landsat,2016-10-20,0.4045051810342234
Bosque,Landsat,2016-11-04,0.34682273177890083
Bosque,Landsat,2016-11-20,0.3128077908559532
Bosque,Landsat,2016-12-06,0.31579763984811404
Bosque,Landsat,2016-12-22,0.31878748884027486
Bosque,Landsat,2017-01-07,0.3051274318314441
Bosque,Landsat,2017-01-08,0.2943219352217582
Bosque,Landsat,2017-01-24,0.31883335974134724
Bosque,Landsat,2017-02-09,0.3272070874053207
Bosque,Landsat,2017-02-25,0.3075556238861653
Bosque,Landsat,2017-03-12,0.32232431555274776
Bosque,Landsat,2017-03-28,0.32983734509989954
Bosque,Landsat,2017-04-13,0.30683038193971895
Bosque,Landsat,2017-04-29,0.3057918209491522
Bosque,Landsat,2017-05-15,0.31984293694956134
Bosque,Landsat,2017-05-31,0.3340110417921445
Bosque,Landsat,2017-06-16,0.3493175991993087
Bosque,Landsat,2017-07-01,0.36462415660647285
Bosque,Landsat,2017-07-17,0.379930714013637
Bosque,Landsat,2017-08-02,0.3934811432629883
Bosque,Landsat,2017-08-18,0.4070315725123395
Bosque,Landsat,2017-09-03,0.40810010148848713
Bosque,Landsat,2017-09-19,0.41889579332617183
Bosque,Landsat,2017-10-05,0.4296914851638565
Bosque,Landsat,2017-10-21,0.44048717700154116
Bosque,Landsat,2017-11-05,0.44154452284706386
Bosque,Landsat,2017-11-21,0.44260186869258655
Bosque,Landsat,2017-12-07,0.44365921453810925
Bosque,Landsat,2017-12-23,0.44471656038363194
Bosque,Landsat,2018-01-08,0.42002794670568927
Bosque,Landsat,2018-01-24,0.38380485566093825
Bosque,Landsat,2018-02-09,0.3668570816494582
Bosque,Landsat,2018-02-25,0.3550410127875269
Bosque,Landsat,2018-03-12,0.33566969423710236
Bosque,Landsat,2018-03-28,0.30901563116138664
Bosque,Landsat,2018-04-13,0.33633567620670485
Bosque,Landsat,2018-04-29,0.3244663525680504
Bosque,Landsat,2018-05-15,0.3399345327401833
Bosque,Landsat,2018-05-31,0.31041640104338447
Bosque,Landsat,2018-06-16,0.2808982693465856
Bosque,Landsat,2018-07-01,0.3151126258023052
Bosque,Landsat,2018-07-17,0.29007162149869825
Bosque,Landsat,2018-08-02,0.30632779711216457
Bosque,Landsat,2018-08-18,0.3225839727256309
Bosque,Landsat,2018-09-03,0.329083726138998
Bosque,Landsat,2018-09-19,0.3355834795523651
Bosque,Landsat,2018-10-05,0.34731504041188677
Bosque,Landsat,2018-10-21,0.3590466012714084
Bosque,Landsat,2018-11-05,0.3578577555931326
Bosque,Landsat,2018-11-21,0.3679973502828857
Bosque,Landsat,2018-12-07,0.37741318072601576
Bosque,Landsat,2018-12-23,0.38682901116914575
Bosque,Landsat,2019-01-08,0.3771130567433672
Bosque,Landsat,2019-01-24,0.34703279171213364
Bosque,Landsat,2019-02-09,0.3388480902170066
Bosque,Landsat,2019-02-25,0.3135247063750961
Bosque,Landsat,2019-03-12,0.29564552833603197
Bosque,Landsat,2019-03-28,0.2913689205194081
Bosque,Landsat,2019-04-13,0.28156570720776153
Bosque,Landsat,2019-04-29,0.29073142450222667
Bosque,Landsat,2019-05-15,0.2852910551518734
Bosque,Landsat,2019-05-31,0.28052908031906737
Bosque,Landsat,2019-06-16,0.25910315683337654
Bosque,Landsat,2019-07-01,0.23767723334768567
Bosque,Landsat,2019-07-17,0.2162513098619948
Bosque,Landsat,2019-08-02,0.26788850354622784
Bosque,Landsat,2019-08-18,0.2714472256370874
Bosque,Landsat,2019-09-03,0.27500594772794695
Bosque,Landsat,2019-09-19,0.2785646698188065
Bosque,Landsat,2019-10-05,0.29703697188260897
Bosque,Landsat,2019-10-21,0.306663721863068
Bosque,Landsat,2019-11-05,0.3162904718435271
Bosque,Landsat,2019-11-21,0.3112355991469817
Bosque,Landsat,2019-12-07,0.30618072645043626
Bosque,Landsat,2019-12-23,0.30112585375389084
Bosque,Landsat,2020-01-08,0.2705480008230577
Bosque,Landsat,2020-01-24,0.25665891368882476
Bosque,Landsat,2020-02-09,0.2410660300646941
Bosque,Landsat,2020-02-25,0.23598675045049697
Bosque,Landsat,2020-03-11,0.2019752518411769
Bosque,Landsat,2020-03-27,0.23051150891730468
Bosque,Landsat,2020-04-12,0.2209537207309079
Bosque,Landsat,2020-04-28,0.21760588141623188
Bosque,Landsat,2020-05-14,0.21425804210155586
Bosque,Landsat,2020-05-30,0.21310329604434336
Bosque,Landsat,2020-06-15,0.21713162212558215
Bosque,Landsat,2020-06-30,0.21665729543477136
Bosque,Landsat,2020-07-16,0.2161829687439606
Bosque,Landsat,2020-08-01,0.2157086420531498
Bosque,Landsat,2020-08-17,0.23189541916953993
Bosque,Landsat,2020-09-02,0.23242282638062534
Bosque,Landsat,2020-09-18,0.23281601044389663
Bosque,Landsat,2020-10-04,0.2326253580100683
Bosque,Landsat,2020-10-20,0.23243470557623996
Bosque,Landsat,2020-11-04,0.23224405314241164
Bosque,Landsat,2020-11-20,0.2320534007085833
Bosque,Landsat,2020-12-06,0.22383260314429965
Bosque,Landsat,2020-12-22,0.2766828128681479
Bosque,Landsat,2021-01-07,0.2841374530749908
Bosque,Landsat,2021-01-08,0.3388995955446898
Bosque,Landsat,2021-01-24,0.33571653461231254
Bosque,Landsat,2021-02-09,0.3181603783298664
Bosque,Landsat,2021-02-25,0.2980055671873629
Bosque,Landsat,2021-03-12,0.29363040986069183
Bosque,Landsat,2021-03-28,0.28886803972007835
Bosque,Landsat,2021-04-13,0.2841056695794649
Bosque,Landsat,2021-04-29,0.2762201410097217
Bosque,Landsat,2021-05-15,0.28790441711327036
Bosque,Landsat,2021-05-31,0.2783060006325915
Bosque,Landsat,2021-06-16,0.2784896157013081
Bosque,Landsat,2021-07-01,0.28322860085716484
Bosque,Landsat,2021-07-17,0.28558659085735205
Bosque,Landsat,2021-08-02,0.2879445808575393
Bosque,Landsat,2021-08-18,0.29610514835320806
Bosque,Landsat,2021-09-03,0.28797106726562377
Bosque,Landsat,2021-09-19,0.27983698617803954
Bosque,Landsat,2021-10-05,0.29762373069562775
Bosque,Landsat,2021-10-21,0.2968059552698232
Bosque,Landsat,2021-11-05,0.2972397714473618
Bosque,Landsat,2021-11-21,0.27725247854750584
Bosque,Landsat,2021-12-07,0.2984882060454091
Bosque,Landsat,2021-12-23,0.3197239335433124
Bosque,Landsat,2022-01-08,0.3305319613281459
Bosque,Landsat,2022-01-24,0.3392144637169056
Bosque,Landsat,2022-02-09,0.3497769731151581
Bosque,Landsat,2022-02-25,0.3194719180809084
Bosque,Landsat,2022-03-12,0.3048489024805076
Bosque,Landsat,2022-03-28,0.29299348237472767
Bosque,Landsat,2022-04-13,0.2758803624698195
Bosque,Landsat,2022-04-29,0.27506846333470486
Bosque,Landsat,2022-05-15,0.26439864518102274
Bosque,Landsat,2022-05-31,0.26814245503585044
Bosque,Landsat,2022-06-16,0.26501564330487576
Bosque,Landsat,2022-07-01,0.2651887892441046
Bosque,Landsat,2022-07-17,0.2655893846289954
Bosque,Landsat,2022-08-02,0.26598998001388624
Bosque,Landsat,2022-08-18,0.27155327519112327
Bosque,Landsat,2022-09-03,0.2757416209815999
Bosque,Landsat,2022-09-19,0.2870288937093826
Bosque,Landsat,2022-10-05,0.2868580889900079
Bosque,Landsat,2022-10-21,0.2573344905261923
Bosque,Landsat,2022-11-05,0.2667480389260327
Bosque,Landsat,2022-11-21,0.27756138860985297
Bosque,Landsat,2022-12-07,0.2762344195730712
Bosque,Landsat,2022-12-23,0.2749074505362895
Bosque,Landsat,2023-01-08,0.3129541388763224
Bosque,Landsat,2023-01-24,0.37179071589411467
Bosque,Landsat,2023-02-09,0.3558916264346867
Bosque,Landsat,2023-02-25,0.3456913305782244
Bosque,Landsat,2023-03-12,0.3399322831361495
Bosque,Landsat,2023-03-28,0.2981147645692269
Bosque,Landsat,2023-04-13,0.3015472780208745
Bosque,Landsat,2023-04-29,0.2809620517013972
Bosque,Landsat,2023-05-15,0.2863868749185023
Bosque,Landsat,2023-05-31,0.2772738856874165
Bosque,Landsat,2023-06-16,0.27327838805081167
Bosque,Landsat,2023-07-01,0.2614127977349907
Bosque,Landsat,2023-07-17,0.2679124638124559
Bosque,Landsat,2023-08-02,0.2735863095071456
Bosque,Landsat,2023-08-18,0.27135827456734646
Bosque,Landsat,2023-09-03,0.25356861926939556
Bosque,Landsat,2023-09-19,0.28194291925939874
Bosque,Landsat,2023-10-05,0.25440146166389377
Bosque,Landsat,2023-10-21,0.22686000406838872
Bosque,Landsat,2023-11-05,0.2665128118919329
Bosque,Landsat,2023-11-21,0.2680465237611586
Bosque,Landsat,2023-12-07,0.26958023563038436
Bosque,Landsat,2023-12-23,0.3285915988009769
Bosque,Landsat,2024-01-08,0.3592418536227467
Bosque,Landsat,2024-01-24,0.42978543103035016
Bosque,Landsat,2024-02-09,0.4190282698219991
Bosque,Landsat,2024-02-25,0.422406664338291
Bosque,Landsat,2024-03-11,0.39655389691081283
Bosque,Landsat,2024-03-27,0.3707011294833346
Bosque,Landsat,2024-04-12,0.3515332693840636
Bosque,Landsat,2024-04-28,0.32801216936474836
Bosque,Landsat,2024-05-14,0.3179955303310595
Bosque,Landsat,2024-05-30,0.314194065873325
Bosque,Landsat,2024-06-15,0.3090255669423319
Bosque,Landsat,2024-06-30,0.30385706801133877
Bosque,Landsat,2024-07-16,0.3001358402484898
Bosque,Landsat,2024-08-01,0.3071280853501419
Bosque,Landsat,2024-08-17,0.314120330451794
Bosque,Landsat,2024-09-02,0.32111257555344613
Bosque,Landsat,2024-09-18,0.3207866424983113
Bosque,Landsat,2024-10-04,0.2615620984899541
Bosque,Landsat,2024-10-20,0.32574248722161336
Bosque,Landsat,2024-11-04,0.315839703575915
Bosque,Landsat,2024-11-20,0.32145977082531535
Bosque,Landsat,2024-12-06,0.32707983807471563
Bosque,Landsat,2024-12-22,0.3326999053241159
Bosque,MODIS,2016-01-01,0.40422166685263317
Bosque,MODIS,2016-01-17,0.3973650008440018
Bosque,MODIS,2016-02-02,0.4063066671291987
Bosque,MODIS,2016-02-18,0.37298833429813383
Bosque,MODIS,2016-03-05,0.39987166672945024
Bosque,MODIS,2016-03-21,0.3812399998307228
Bosque,MODIS,2016-04-06,0.44603500167528787
Bosque,MODIS,2016-04-22,0.451656665901343
Bosque,MODIS,2016-05-08,0.4708516627550125
Bosque,MODIS,2016-05-24,0.5691833376884461
Bosque,MODIS,2016-06-09,0.5557149985494713
Bosque,MODIS,2016-06-25,0.5844733357429505
Bosque,MODIS,2016-07-11,0.5859066654307147
Bosque,MODIS,2016-07-27,0.5916149988770485
Bosque,MODIS,2016-08-12,0.5818183297912279
Bosque,MODIS,2016-08-28,0.5546683311462403
Bosque,MODIS,2016-09-13,0.5166366686423619
Bosque,MODIS,2016-09-29,0.49867333521445595
Bosque,MODIS,2016-10-15,0.45607333481311796
Bosque,MODIS,2016-10-31,0.4400700002908707
Bosque,MODIS,2016-11-16,0.3929200008511543
Bosque,MODIS,2016-12-02,0.40400166660547254
Bosque,MODIS,2016-12-18,0.4035499994953473
Bosque,MODIS,2017-01-01,0.4102783352136612
Bosque,MODIS,2017-01-17,0.39993999898433685
Bosque,MODIS,2017-02-02,0.41953499962886176
Bosque,MODIS,2017-02-18,0.38885000099738437
Bosque,MODIS,2017-03-06,0.4119283343354861
Bosque,MODIS,2017-03-22,0.38814333379268645
Bosque,MODIS,2017-04-07,0.4084666649500529
Bosque,MODIS,2017-04-23,0.45414000004529953
Bosque,MODIS,2017-05-09,0.5217533335089684
Bosque,MODIS,2017-05-25,0.4870550016562144
Bosque,MODIS,2017-06-10,0.48019999973475935
Bosque,MODIS,2017-06-26,0.5964600016673406
Bosque,MODIS,2017-07-12,0.5274183336955806
Bosque,MODIS,2017-07-28,0.5603099991877873
Bosque,MODIS,2017-08-13,0.5598100001613299
Bosque,MODIS,2017-08-29,0.5715749979019165
Bosque,MODIS,2017-09-14,0.5507783328493436
Bosque,MODIS,2017-09-30,0.5801616663734118
Bosque,MODIS,2017-10-16,0.5679799993832906
Bosque,MODIS,2017-11-01,0.5735566690564156
Bosque,MODIS,2017-11-17,0.4853299970428149
Bosque,MODIS,2017-12-03,0.442978335916996
Bosque,MODIS,2017-12-19,0.4261650005976359
Bosque,MODIS,2018-01-01,0.4229650005698204
Bosque,MODIS,2018-01-17,0.4118666648864746
Bosque,MODIS,2018-02-02,0.39708166619141894
Bosque,MODIS,2018-02-18,0.40327333360910417
Bosque,MODIS,2018-03-06,0.4047266662120819
Bosque,MODIS,2018-03-22,0.41224000255266824
Bosque,MODIS,2018-04-07,0.401916666328907
Bosque,MODIS,2018-04-23,0.4101366659005483
Bosque,MODIS,2018-05-09,0.40791333218415576
Bosque,MODIS,2018-05-25,0.4132799995442231
Bosque,MODIS,2018-06-10,0.4173833357170224
Bosque,MODIS,2018-06-26,0.4876883322993914
Bosque,MODIS,2018-07-12,0.5241266643007596
Bosque,MODIS,2018-07-28,0.4767466689149539
Bosque,MODIS,2018-08-13,0.49400166670481366
Bosque,MODIS,2018-08-29,0.4880183324217796
Bosque,MODIS,2018-09-14,0.47320499817530315
Bosque,MODIS,2018-09-30,0.5130599970618884
Bosque,MODIS,2018-10-16,0.4831816633542379
Bosque,MODIS,2018-11-01,0.45116999944051106
Bosque,MODIS,2018-11-17,0.4131100003918012
Bosque,MODIS,2018-12-03,0.3956350013613701
Bosque,MODIS,2018-12-19,0.3715933322906494
Bosque,MODIS,2019-01-01,0.35773999939362205
Bosque,MODIS,2019-01-17,0.34746166666348777
Bosque,MODIS,2019-02-02,0.33904166519641876
Bosque,MODIS,2019-02-18,0.34324166774749754
Bosque,MODIS,2019-03-06,0.3432599996527036
Bosque,MODIS,2019-03-22,0.34934667001167935
Bosque,MODIS,2019-04-07,0.34293500036001207
Bosque,MODIS,2019-04-23,0.33807999740044276
Bosque,MODIS,2019-05-09,0.34182333151499433
Bosque,MODIS,2019-05-25,0.36592500085632007
Bosque,MODIS,2019-06-10,0.3355416675408681
Bosque,MODIS,2019-06-26,0.37537833452224734
Bosque,MODIS,2019-07-12,0.35488833412528037
Bosque,MODIS,2019-07-28,0.38446000069379804
Bosque,MODIS,2019-08-13,0.37609166502952573
Bosque,MODIS,2019-08-29,0.36885666896899544
Bosque,MODIS,2019-09-14,0.3542249987522761
Bosque,MODIS,2019-09-30,0.3346566672126452
Bosque,MODIS,2019-10-16,0.3193616678317388
Bosque,MODIS,2019-11-01,0.3031166652838389
Bosque,MODIS,2019-11-17,0.29159333383043606
Bosque,MODIS,2019-12-03,0.2787666668494542
Bosque,MODIS,2019-12-19,0.2703550008436044
Bosque,MODIS,2020-01-01,0.2641266666352749
Bosque,MODIS,2020-01-17,0.2612649992108345
Bosque,MODIS,2020-02-02,0.2592749990522861
Bosque,MODIS,2020-02-18,0.25884333302577334
Bosque,MODIS,2020-03-05,0.256136666983366
Bosque,MODIS,2020-03-21,0.25611166780193645
Bosque,MODIS,2020-04-06,0.27979500194390616
Bosque,MODIS,2020-04-22,0.28156499986847244
Bosque,MODIS,2020-05-08,0.27042833318312964
Bosque,MODIS,2020-05-24,0.2881049988170465
Bosque,MODIS,2020-06-09,0.284001666555802
Bosque,MODIS,2020-06-25,0.228735000952535
Bosque,MODIS,2020-07-11,0.2823283321845035
Bosque,MODIS,2020-07-27,0.35607833564281466
Bosque,MODIS,2020-08-12,0.36584999909003574
Bosque,MODIS,2020-08-28,0.426403334736824
Bosque,MODIS,2020-09-13,0.4424783324201902
Bosque,MODIS,2020-09-29,0.4417133326331774
Bosque,MODIS,2020-10-15,0.4190649991234144
Bosque,MODIS,2020-10-31,0.3610716660817464
Bosque,MODIS,2020-11-16,0.3545516644914945
Bosque,MODIS,2020-12-02,0.3331483354171117
Bosque,MODIS,2020-12-18,0.32790000140666964
Bosque,MODIS,2021-01-01,0.3448616658647855
Bosque,MODIS,2021-01-17,0.34624833265940347
Bosque,MODIS,2021-02-02,0.37095500181118646
Bosque,MODIS,2021-02-18,0.3547333339850108
Bosque,MODIS,2021-03-06,0.3711200011273225
Bosque,MODIS,2021-03-22,0.37131333301464714
Bosque,MODIS,2021-04-07,0.36583333313465116
Bosque,MODIS,2021-04-23,0.36798666665951413
Bosque,MODIS,2021-05-09,0.35577000056703884
Bosque,MODIS,2021-05-25,0.3753266674776872
Bosque,MODIS,2021-06-10,0.35197666759292284
Bosque,MODIS,2021-06-26,0.3671799985071023
Bosque,MODIS,2021-07-12,0.4144049992163976
Bosque,MODIS,2021-07-28,0.39729666858911517
Bosque,MODIS,2021-08-13,0.32741499890883763
Bosque,MODIS,2021-08-29,0.4257383331656456
Bosque,MODIS,2021-09-14,0.4424283330639203
Bosque,MODIS,2021-09-30,0.4912000000476837
Bosque,MODIS,2021-10-16,0.4164149989684423
Bosque,MODIS,2021-11-01,0.37765333652496336
Bosque,MODIS,2021-11-17,0.3454316665728887
Bosque,MODIS,2021-12-03,0.312621666987737
Bosque,MODIS,2021-12-19,0.31774833252032597
Bosque,MODIS,2022-01-01,0.3219233343998591
Bosque,MODIS,2022-01-17,0.30375000089406967
Bosque,MODIS,2022-02-02,0.3022583315769831
Bosque,MODIS,2022-02-18,0.3207733335594336
Bosque,MODIS,2022-03-06,0.31024166544278464
Bosque,MODIS,2022-03-22,0.31234166671832403
Bosque,MODIS,2022-04-07,0.31654499967892963
Bosque,MODIS,2022-04-23,0.35002500042319296
Bosque,MODIS,2022-05-09,0.33006833419203757
Bosque,MODIS,2022-05-25,0.35311666677395503
Bosque,MODIS,2022-06-10,0.3547216661274433
Bosque,MODIS,2022-06-26,0.34380833407243094
Bosque,MODIS,2022-07-12,0.2689349985836695
Bosque,MODIS,2022-07-28,0.38794333453600605
Bosque,MODIS,2022-08-13,0.4531399997572104
Bosque,MODIS,2022-08-29,0.47719333072503406
Bosque,MODIS,2022-09-14,0.4651083330313365
Bosque,MODIS,2022-09-30,0.4365183338522911
Bosque,MODIS,2022-10-16,0.39209500153859456
Bosque,MODIS,2022-11-01,0.36866666525602343
Bosque,MODIS,2022-11-17,0.36630666653315225
Bosque,MODIS,2022-12-03,0.3445999984939893
Bosque,MODIS,2022-12-19,0.3330150008201599
Bosque,MODIS,2023-01-01,0.33129166613022487
Bosque,MODIS,2023-01-17,0.3211333339413007
Bosque,MODIS,2023-02-02,0.32495499749978385
Bosque,MODIS,2023-02-18,0.31963833371798195
Bosque,MODIS,2023-03-06,0.31918833355108894
Bosque,MODIS,2023-03-22,0.3252033347884814
Bosque,MODIS,2023-04-07,0.31600333377718925
Bosque,MODIS,2023-04-23,0.34604166994492214
Bosque,MODIS,2023-05-09,0.3065483334163825
Bosque,MODIS,2023-05-25,0.33585666740934056
Bosque,MODIS,2023-06-10,0.33047666574517887
Bosque,MODIS,2023-06-26,0.351863332092762
Bosque,MODIS,2023-07-12,0.4184683319181204
Bosque,MODIS,2023-07-28,0.5098533362150193
Bosque,MODIS,2023-08-13,0.5335900008678436
Bosque,MODIS,2023-08-29,0.5113649999101957
Bosque,MODIS,2023-09-14,0.5831016679604848
Bosque,MODIS,2023-09-30,0.5778633306423823
Bosque,MODIS,2023-10-16,0.5552983358502388
Bosque,MODIS,2023-11-01,0.5086500023802122
Bosque,MODIS,2023-11-17,0.44657666484514874
Bosque,MODIS,2023-12-03,0.41082333425680795
Bosque,MODIS,2023-12-19,0.39874000002940496
Bosque,MODIS,2024-01-01,0.39125500321388246
Bosque,MODIS,2024-01-17,0.3726650009552638
Bosque,MODIS,2024-02-02,0.37316666891177497
Bosque,MODIS,2024-02-18,0.38094333310921985
Bosque,MODIS,2024-03-05,0.3942666669686635
Bosque,MODIS,2024-03-21,0.38203333467245104
Bosque,MODIS,2024-04-06,0.4104166676600774
Bosque,MODIS,2024-04-22,0.3824816693862279
Bosque,MODIS,2024-05-08,0.4120466670021415
Bosque,MODIS,2024-05-24,0.36038166750222445
Bosque,MODIS,2024-06-09,0.41930500193654247
Bosque,MODIS,2024-06-25,0.42503833208853997
Bosque,MODIS,2024-07-11,0.4461199995751182
Bosque,MODIS,2024-07-27,0.4275283347582445
Bosque,MODIS,2024-08-12,0.500596666863809
Bosque,MODIS,2024-08-28,0.4564616685112317
Bosque,MODIS,2024-09-13,0.5061083356539409
Bosque,MODIS,2024-09-29,0.4538933346668879
Bosque,MODIS,2024-10-15,0.4805566648642222
Bosque,MODIS,2024-10-31,0.42330666730801264
Bosque,MODIS,2024-11-16,0.45169166872898736
Bosque,MODIS,2024-12-02,0.374631667137146
Bosque,MODIS,2024-12-18,0.3683500011761983
Bosque,Sentinel,2019-01-08,0.28624415422031546
Bosque,Sentinel,2019-01-24,0.27325409646761534
Bosque,Sentinel,2019-02-09,0.2846582212226379
Bosque,Sentinel,2019-02-25,0.2904051141051957
Bosque,Sentinel,2019-03-12,0.3234674783003487
Bosque,Sentinel,2019-03-28,0.3016942645280988
Bosque,Sentinel,2019-04-13,0.2734691224811485
Bosque,Sentinel,2019-04-29,0.3676875368920317
Bosque,Sentinel,2019-05-15,0.2069340386677355
Bosque,Sentinel,2019-05-31,0.046180540443439305
Bosque,Sentinel,2019-06-16,0.48533920673883885
Bosque,Sentinel,2019-07-01,0.34826825820764035
Bosque,Sentinel,2019-07-17,0.3549221326917814
Bosque,Sentinel,2019-08-02,0.4057310492735105
Bosque,Sentinel,2019-08-18,0.4507811625654409
Bosque,Sentinel,2019-09-03,0.3804658418756834
Bosque,Sentinel,2019-09-19,0.35142820712651623
Bosque,Sentinel,2019-10-05,0.2960872669657645
Bosque,Sentinel,2019-10-21,0.2773806749937915
Bosque,Sentinel,2019-11-05,0.24382723266841352
Bosque,Sentinel,2019-11-21,0.2498281533232489
Bosque,Sentinel,2019-12-07,0.23852048037171314
Bosque,Sentinel,2019-12-23,0.22497997783102047
Bosque,Sentinel,2020-01-08,0.2072067324338938
Bosque,Sentinel,2020-01-24,0.2162671816808339
Bosque,Sentinel,2020-02-09,0.21902174731827115
Bosque,Sentinel,2020-02-25,0.22305436632463818
Bosque,Sentinel,2020-03-11,0.24477594241821934
Bosque,Sentinel,2020-03-27,0.2817383292807846
Bosque,Sentinel,2020-04-12,0.31870071614334994
Bosque,Sentinel,2020-04-28,0.28952143185620327
Bosque,Sentinel,2020-05-14,0.36810362205137886
Bosque,Sentinel,2020-05-30,0.2279048459499081
Bosque,Sentinel,2020-06-15,0.2511184976677288
Bosque,Sentinel,2020-06-30,0.20908238973206314
Bosque,Sentinel,2020-07-16,0.0882560630335051
Bosque,Sentinel,2020-08-01,0.28121140489783186
Bosque,Sentinel,2020-08-17,0.3305492106335974
Bosque,Sentinel,2020-09-02,0.3494772423614785
Bosque,Sentinel,2020-09-18,0.3723623693663208
Bosque,Sentinel,2020-10-04,0.35439210198373516
Bosque,Sentinel,2020-10-20,0.3455996529843971
Bosque,Sentinel,2020-11-04,0.30213195478569826
Bosque,Sentinel,2020-11-20,0.28736640782137346
Bosque,Sentinel,2020-12-06,0.2824463328951222
Bosque,Sentinel,2020-12-22,0.2539914360764764
Bosque,Sentinel,2021-01-07,0.2791208672051166
Bosque,Sentinel,2021-01-08,0.26651490242671055
Bosque,Sentinel,2021-01-24,0.281757124982705
Bosque,Sentinel,2021-02-09,0.29784595391526697
Bosque,Sentinel,2021-02-25,0.313934782847829
Bosque,Sentinel,2021-03-12,0.3041444507247489
Bosque,Sentinel,2021-03-28,0.3565226009898204
Bosque,Sentinel,2021-04-13,0.3855728743367854
Bosque,Sentinel,2021-04-29,0.4178692491952617
Bosque,Sentinel,2021-05-15,0.10634362190017307
Bosque,Sentinel,2021-05-31,0.4988051108247885
Bosque,Sentinel,2021-06-16,0.5230638223524233
Bosque,Sentinel,2021-07-01,0.46225388371070025
Bosque,Sentinel,2021-07-17,0.48994073305534036
Bosque,Sentinel,2021-08-02,0.5049980933680372
Bosque,Sentinel,2021-08-18,0.43853034613217856
Bosque,Sentinel,2021-09-03,0.4140110642255724
Bosque,Sentinel,2021-09-19,0.3817215177334173
Bosque,Sentinel,2021-10-05,0.3735072602744224
Bosque,Sentinel,2021-10-21,0.3553816054887743
Bosque,Sentinel,2021-11-05,0.31066157247210513
Bosque,Sentinel,2021-11-21,0.29605014135995317
Bosque,Sentinel,2021-12-07,0.2681608915310968
Bosque,Sentinel,2021-12-23,0.2556381569049958
Bosque,Sentinel,2022-01-08,0.2468067378025059
Bosque,Sentinel,2022-01-24,0.2521579588864631
Bosque,Sentinel,2022-02-09,0.2400037055321608
Bosque,Sentinel,2022-02-25,0.2483094205281344
Bosque,Sentinel,2022-03-12,0.2556303030525463
Bosque,Sentinel,2022-03-28,0.2753253729005932
Bosque,Sentinel,2022-04-13,0.2810685379610332
Bosque,Sentinel,2022-04-29,0.36098170971618165
Bosque,Sentinel,2022-05-15,0.33607057154723546
Bosque,Sentinel,2022-05-31,0.3212283967964836
Bosque,Sentinel,2022-06-16,0.46936603884353245
Bosque,Sentinel,2022-07-01,0.2773078871168298
Bosque,Sentinel,2022-07-17,0.22463193723813343
Bosque,Sentinel,2022-08-02,0.6253549051639832
Bosque,Sentinel,2022-08-18,0.38091303103392316
Bosque,Sentinel,2022-09-03,0.39235504706876784
Bosque,Sentinel,2022-09-19,0.3859122574142386
Bosque,Sentinel,2022-10-05,0.38152597235590047
Bosque,Sentinel,2022-10-21,0.3351426048508643
Bosque,Sentinel,2022-11-05,0.3215016370310875
Bosque,Sentinel,2022-11-21,0.3078606692113107
Bosque,Sentinel,2022-12-07,0.27709849135497394
Bosque,Sentinel,2022-12-23,0.27167965308425374
Bosque,Sentinel,2023-01-08,0.26568698082885484
Bosque,Sentinel,2023-01-24,0.2529092951739698
Bosque,Sentinel,2023-02-09,0.322631054649994
Bosque,Sentinel,2023-02-25,0.24972470962230592
Bosque,Sentinel,2023-03-12,0.2573073296713449
Bosque,Sentinel,2023-03-28,0.259057493486344
Bosque,Sentinel,2023-04-13,0.39348770231221714
Bosque,Sentinel,2023-04-29,0.3264936490817555
Bosque,Sentinel,2023-05-15,0.3302952361901918
Bosque,Sentinel,2023-05-31,0.43525550297668936
Bosque,Sentinel,2023-06-16,0.317733753137895
Bosque,Sentinel,2023-07-01,0.11729773928711021
Bosque,Sentinel,2023-07-17,0.32231010645661534
Bosque,Sentinel,2023-08-02,0.4632075335879986
Bosque,Sentinel,2023-08-18,0.4087172954417624
Bosque,Sentinel,2023-09-03,0.4129535789109909
Bosque,Sentinel,2023-09-19,0.4171898623802194
Bosque,Sentinel,2023-10-05,0.4501351374576414
Bosque,Sentinel,2023-10-21,0.4517130028765718
Bosque,Sentinel,2023-11-05,0.05672569894828639
Bosque,Sentinel,2023-11-21,0.4003260987325272
Bosque,Sentinel,2023-12-07,0.35422308106785155
Bosque,Sentinel,2023-12-23,0.32363225112740923
Bosque,Sentinel,2024-01-08,0.3072135142116294
Bosque,Sentinel,2024-01-24,0.2889427371528854
Bosque,Sentinel,2024-02-09,0.2838772364940874
Bosque,Sentinel,2024-02-25,0.30441246668981503
Bosque,Sentinel,2024-03-11,0.3057808860972979
Bosque,Sentinel,2024-03-27,0.32627529756776286
Bosque,Sentinel,2024-04-12,0.368326441144415
Bosque,Sentinel,2024-04-28,0.18493146945473302
Bosque,Sentinel,2024-05-14,0.21093575162888908
Bosque,Sentinel,2024-05-30,0.33246687128665836
Bosque,Sentinel,2024-06-15,0.2975235281455701
Bosque,Sentinel,2024-06-30,0.3215440811677649
Bosque,Sentinel,2024-07-16,0.3455646341899597
Bosque,Sentinel,2024-08-01,0.0882216442854263
Bosque,Sentinel,2024-08-17,0.18239784309849452
Bosque,Sentinel,2024-09-02,0.3608910268092681
Bosque,Sentinel,2024-09-18,0.3899689988419254
Bosque,Sentinel,2024-10-04,0.3628139189947002
Bosque,Sentinel,2024-10-20,0.3574585914376538
Bosque,Sentinel,2024-11-04,0.357014705934241
Bosque,Sentinel,2024-11-20,0.3272425695285484
Bosque,Sentinel,2024-12-06,0.31492279951686397
Bosque,Sentinel,2024-12-22,0.3006741356143434
Matorral y pradera,Landsat,2016-01-08,0.30737378294545514
Matorral y pradera,Landsat,2016-01-24,0.3098114958589922
Matorral y pradera,Landsat,2016-02-09,0.3122492087725293
Matorral y pradera,Landsat,2016-02-25,0.2961861727476888
Matorral y pradera,Landsat,2016-03-11,0.2860572977187967
Matorral y pradera,Landsat,2016-03-27,0.2813322581907766
Matorral y pradera,Landsat,2016-04-12,0.2816973968190859
Matorral y pradera,Landsat,2016-04-28,0.3242807633488122
Matorral y pradera,Landsat,2016-05-14,0.3668641298785384
Matorral y pradera,Landsat,2016-05-30,0.4094474964082646
Matorral y pradera,Landsat,2016-06-15,0.4161102388415258
Matorral y pradera,Landsat,2016-06-30,0.40823825027613947
Matorral y pradera,Landsat,2016-07-16,0.4003662617107531
Matorral y pradera,Landsat,2016-08-01,0.3924942731453668
Matorral y pradera,Landsat,2016-08-17,0.3846222845799805
Matorral y pradera,Landsat,2016-09-02,0.37675029601459414
Matorral y pradera,Landsat,2016-09-18,0.3854262567960325
Matorral y pradera,Landsat,2016-10-04,0.3967246294971944
Matorral y pradera,Landsat,2016-10-20,0.38848216999384233
Matorral y pradera,Landsat,2016-11-04,0.3302225377097069
Matorral y pradera,Landsat,2016-11-20,0.3014706612598387
Matorral y pradera,Landsat,2016-12-06,0.30602753596444465
Matorral y pradera,Landsat,2016-12-22,0.3105844106690506
Matorral y pradera,Landsat,2017-01-07,0.2937446242099665
Matorral y pradera,Landsat,2017-01-08,0.2853380423192322
Matorral y pradera,Landsat,2017-01-24,0.3090491638927677
Matorral y pradera,Landsat,2017-02-09,0.3175038047714777
Matorral y pradera,Landsat,2017-02-25,0.2988695738016091
Matorral y pradera,Landsat,2017-03-12,0.3124366368669607
Matorral y pradera,Landsat,2017-03-28,0.3176832951859019
Matorral y pradera,Landsat,2017-04-13,0.29599818022449015
Matorral y pradera,Landsat,2017-04-29,0.29241885019691405
Matorral y pradera,Landsat,2017-05-15,0.30720628544707446
Matorral y pradera,Landsat,2017-05-31,0.32199742288251176
Matorral y pradera,Landsat,2017-06-16,0.3380334412696115
Matorral y pradera,Landsat,2017-07-01,0.3540694596567112
Matorral y pradera,Landsat,2017-07-17,0.37010547804381094
Matorral y pradera,Landsat,2017-08-02,0.38232942550349264
Matorral y pradera,Landsat,2017-08-18,0.3945533729631743
Matorral y pradera,Landsat,2017-09-03,0.39376565003606306
Matorral y pradera,Landsat,2017-09-19,0.4026542382129049
Matorral y pradera,Landsat,2017-10-05,0.41154282638974676
Matorral y pradera,Landsat,2017-10-21,0.4204314145665886
Matorral y pradera,Landsat,2017-11-05,0.42151851310849375
Matorral y pradera,Landsat,2017-11-21,0.4226056116503989
Matorral y pradera,Landsat,2017-12-07,0.42369271019230403
Matorral y pradera,Landsat,2017-12-23,0.4247798087342092
Matorral y pradera,Landsat,2018-01-08,0.4012403574499852
Matorral y pradera,Landsat,2018-01-24,0.36885848074216027
Matorral y pradera,Landsat,2018-02-09,0.3541048731848045
Matorral y pradera,Landsat,2018-02-25,0.3435164374530631
Matorral y pradera,Landsat,2018-03-12,0.3264241457658115
Matorral y pradera,Landsat,2018-03-28,0.3016490896846361
Matorral y pradera,Landsat,2018-04-13,0.32554276378284647
Matorral y pradera,Landsat,2018-04-29,0.31384714090124094
Matorral y pradera,Landsat,2018-05-15,0.32689577749127596
Matorral y pradera,Landsat,2018-05-31,0.30139695051021664
Matorral y pradera,Landsat,2018-06-16,0.27589812352915727
Matorral y pradera,Landsat,2018-07-01,0.30747776786808595
Matorral y pradera,Landsat,2018-07-17,0.2766657397732237
Matorral y pradera,Landsat,2018-08-02,0.29480137207509655
Matorral y pradera,Landsat,2018-08-18,0.3129370043769694
Matorral y pradera,Landsat,2018-09-03,0.31876462853235943
Matorral y pradera,Landsat,2018-09-19,0.32459225268774944
Matorral y pradera,Landsat,2018-10-05,0.336376843438623
Matorral y pradera,Landsat,2018-10-21,0.3481614341894966
Matorral y pradera,Landsat,2018-11-05,0.34881047858146813
Matorral y pradera,Landsat,2018-11-21,0.3573692007963739
Matorral y pradera,Landsat,2018-12-07,0.364498051893721
Matorral y pradera,Landsat,2018-12-23,0.3716269029910681
Matorral y pradera,Landsat,2019-01-08,0.35940365812591174
Matorral y pradera,Landsat,2019-01-24,0.3309907414062805
Matorral y pradera,Landsat,2019-02-09,0.32594488092522744
Matorral y pradera,Landsat,2019-02-25,0.30292295360836924
Matorral y pradera,Landsat,2019-03-12,0.28640876110655866
Matorral y pradera,Landsat,2019-03-28,0.28298073443005406
Matorral y pradera,Landsat,2019-04-13,0.2737510232628029
Matorral y pradera,Landsat,2019-04-29,0.28206728505499745
Matorral y pradera,Landsat,2019-05-15,0.2769949556988679
Matorral y pradera,Landsat,2019-05-31,0.2702534036829817
Matorral y pradera,Landsat,2019-06-16,0.25235403210331975
Matorral y pradera,Landsat,2019-07-01,0.23445466052365782
Matorral y pradera,Landsat,2019-07-17,0.2165552889439959
Matorral y pradera,Landsat,2019-08-02,0.2640566296548142
Matorral y pradera,Landsat,2019-08-18,0.26658602917873137
Matorral y pradera,Landsat,2019-09-03,0.26911542870264854
Matorral y pradera,Landsat,2019-09-19,0.27164482822656577
Matorral y pradera,Landsat,2019-10-05,0.2842357219042666
Matorral y pradera,Landsat,2019-10-21,0.29456691181717454
Matorral y pradera,Landsat,2019-11-05,0.3048981017300825
Matorral y pradera,Landsat,2019-11-21,0.29984727682825424
Matorral y pradera,Landsat,2019-12-07,0.294796451926426
Matorral y pradera,Landsat,2019-12-23,0.2897456270245978
Matorral y pradera,Landsat,2020-01-08,0.26004881802095053
Matorral y pradera,Landsat,2020-01-24,0.24893926658678162
Matorral y pradera,Landsat,2020-02-09,0.23425499841892888
Matorral y pradera,Landsat,2020-02-25,0.22952998183731038
Matorral y pradera,Landsat,2020-03-11,0.19938759411661058
Matorral y pradera,Landsat,2020-03-27,0.2249515445460842
Matorral y pradera,Landsat,2020-04-12,0.21667100385084764
Matorral y pradera,Landsat,2020-04-28,0.21320392829765542
Matorral y pradera,Landsat,2020-05-14,0.2097368527444632
Matorral y pradera,Landsat,2020-05-30,0.20876669870391285
Matorral y pradera,Landsat,2020-06-15,0.21216554632562495
Matorral y pradera,Landsat,2020-06-30,0.2122373393308555
Matorral y pradera,Landsat,2020-07-16,0.21230913233608606
Matorral y pradera,Landsat,2020-08-01,0.21238092534131658
Matorral y pradera,Landsat,2020-08-17,0.22606348166862758
Matorral y pradera,Landsat,2020-09-02,0.2259204572745241
Matorral y pradera,Landsat,2020-09-18,0.22444403043670638
Matorral y pradera,Landsat,2020-10-04,0.224073930573037
Matorral y pradera,Landsat,2020-10-20,0.22370383070936764
Matorral y pradera,Landsat,2020-11-04,0.2233337308456983
Matorral y pradera,Landsat,2020-11-20,0.22296363098202893
Matorral y pradera,Landsat,2020-12-06,0.22363309542946574
Matorral y pradera,Landsat,2020-12-22,0.2696120983348101
Matorral y pradera,Landsat,2021-01-07,0.28067217669467476
Matorral y pradera,Landsat,2021-01-08,0.3321299344492377
Matorral y pradera,Landsat,2021-01-24,0.3292671538885165
Matorral y pradera,Landsat,2021-02-09,0.30755277084669547
Matorral y pradera,Landsat,2021-02-25,0.2874834587384012
Matorral y pradera,Landsat,2021-03-12,0.2824716538574526
Matorral y pradera,Landsat,2021-03-28,0.2786746690741744
Matorral y pradera,Landsat,2021-04-13,0.27487768429089615
Matorral y pradera,Landsat,2021-04-29,0.26793594228975676
Matorral y pradera,Landsat,2021-05-15,0.27929889802249447
Matorral y pradera,Landsat,2021-05-31,0.2704262436361533
Matorral y pradera,Landsat,2021-06-16,0.2692415205888985
Matorral y pradera,Landsat,2021-07-01,0.2725460807769148
Matorral y pradera,Landsat,2021-07-17,0.27409796378106654
Matorral y pradera,Landsat,2021-08-02,0.2756498467852183
Matorral y pradera,Landsat,2021-08-18,0.2807942883744666
Matorral y pradera,Landsat,2021-09-03,0.27120777046383404
Matorral y pradera,Landsat,2021-09-19,0.2616212525532014
Matorral y pradera,Landsat,2021-10-05,0.2826918717102541
Matorral y pradera,Landsat,2021-10-21,0.2846003600501247
Matorral y pradera,Landsat,2021-11-05,0.28341855006725425
Matorral y pradera,Landsat,2021-11-21,0.27009010901664215
Matorral y pradera,Landsat,2021-12-07,0.28849182031190373
Matorral y pradera,Landsat,2021-12-23,0.30689353160716537
Matorral y pradera,Landsat,2022-01-08,0.31637278794503126
Matorral y pradera,Landsat,2022-01-24,0.32568470690125745
Matorral y pradera,Landsat,2022-02-09,0.336379495487679
Matorral y pradera,Landsat,2022-02-25,0.30574007646703394
Matorral y pradera,Landsat,2022-03-12,0.29255623652905244
Matorral y pradera,Landsat,2022-03-28,0.28203261570215693
Matorral y pradera,Landsat,2022-04-13,0.26682591656823984
Matorral y pradera,Landsat,2022-04-29,0.26632941525527604
Matorral y pradera,Landsat,2022-05-15,0.25481448303617055
Matorral y pradera,Landsat,2022-05-31,0.2591699827205407
Matorral y pradera,Landsat,2022-06-16,0.25601749614379826
Matorral y pradera,Landsat,2022-07-01,0.2557783901600207
Matorral y pradera,Landsat,2022-07-17,0.2553420589977241
Matorral y pradera,Landsat,2022-08-02,0.2549057278354276
Matorral y pradera,Landsat,2022-08-18,0.25936671468924277
Matorral y pradera,Landsat,2022-09-03,0.2624058384405792
Matorral y pradera,Landsat,2022-09-19,0.2725100531408777
Matorral y pradera,Landsat,2022-10-05,0.2743455905224548
Matorral y pradera,Landsat,2022-10-21,0.2473804082420561
Matorral y pradera,Landsat,2022-11-05,0.25585538629325716
Matorral y pradera,Landsat,2022-11-21,0.26785782249008216
Matorral y pradera,Landsat,2022-12-07,0.2675034628533785
Matorral y pradera,Landsat,2022-12-23,0.2671491032166748
Matorral y pradera,Landsat,2023-01-08,0.3048747041659932
Matorral y pradera,Landsat,2023-01-24,0.35923159581615893
Matorral y pradera,Landsat,2023-02-09,0.34792496062891065
Matorral y pradera,Landsat,2023-02-25,0.33673036153235036
Matorral y pradera,Landsat,2023-03-12,0.32723809219897293
Matorral y pradera,Landsat,2023-03-28,0.2851661770268064
Matorral y pradera,Landsat,2023-04-13,0.28775809738910557
Matorral y pradera,Landsat,2023-04-29,0.26984386850209396
Matorral y pradera,Landsat,2023-05-15,0.27569669108181183
Matorral y pradera,Landsat,2023-05-31,0.26590285262572766
Matorral y pradera,Landsat,2023-06-16,0.2626684687901222
Matorral y pradera,Landsat,2023-07-01,0.2520360394780516
Matorral y pradera,Landsat,2023-07-17,0.2576144814226701
Matorral y pradera,Landsat,2023-08-02,0.2614690463567548
Matorral y pradera,Landsat,2023-08-18,0.25755817970069583
Matorral y pradera,Landsat,2023-09-03,0.2425081853647828
Matorral y pradera,Landsat,2023-09-19,0.2722958218987029
Matorral y pradera,Landsat,2023-10-05,0.24800281660528584
Matorral y pradera,Landsat,2023-10-21,0.22370981131186882
Matorral y pradera,Landsat,2023-11-05,0.2586384580798325
Matorral y pradera,Landsat,2023-11-21,0.2591411785654198
Matorral y pradera,Landsat,2023-12-07,0.2596438990510071
Matorral y pradera,Landsat,2023-12-23,0.30904179662670844
Matorral y pradera,Landsat,2024-01-08,0.34466847485964813
Matorral y pradera,Landsat,2024-01-24,0.41122597733930694
Matorral y pradera,Landsat,2024-02-09,0.4037158388255365
Matorral y pradera,Landsat,2024-02-25,0.40919158489591767
Matorral y pradera,Landsat,2024-03-11,0.383374932008459
Matorral y pradera,Landsat,2024-03-27,0.3575582791210003
Matorral y pradera,Landsat,2024-04-12,0.33915812210426016
Matorral y pradera,Landsat,2024-04-28,0.31723683853095286
Matorral y pradera,Landsat,2024-05-14,0.30866500778015277
Matorral y pradera,Landsat,2024-05-30,0.3050510988523916
Matorral y pradera,Landsat,2024-06-15,0.3001425316231024
Matorral y pradera,Landsat,2024-06-30,0.2952339643938132
Matorral y pradera,Landsat,2024-07-16,0.2911294262274154
Matorral y pradera,Landsat,2024-08-01,0.2970425050595588
Matorral y pradera,Landsat,2024-08-17,0.3029555838917022
Matorral y pradera,Landsat,2024-09-02,0.30886866272384556
Matorral y pradera,Landsat,2024-09-18,0.30712448108289636
Matorral y pradera,Landsat,2024-10-04,0.25706386214026933
Matorral y pradera,Landsat,2024-10-20,0.3111435420071328
Matorral y pradera,Landsat,2024-11-04,0.2987093540204858
Matorral y pradera,Landsat,2024-11-20,0.30592528540755465
Matorral y pradera,Landsat,2024-12-06,0.3131412167946234
Matorral y pradera,Landsat,2024-12-22,0.32035714818169225
Matorral y pradera,MODIS,2016-01-01,0.3334533313910166
Matorral y pradera,MODIS,2016-01-17,0.3234899990260601
Matorral y pradera,MODIS,2016-02-02,0.31732666691144307
Matorral y pradera,MODIS,2016-02-18,0.28363833303252856
Matorral y pradera,MODIS,2016-03-05,0.3103549987077713
Matorral y pradera,MODIS,2016-03-21,0.28615666553378105
Matorral y pradera,MODIS,2016-04-06,0.3409016666313012
Matorral y pradera,MODIS,2016-04-22,0.31559666643540063
Matorral y pradera,MODIS,2016-05-08,0.35894666612148285
Matorral y pradera,MODIS,2016-05-24,0.33435500133782625
Matorral y pradera,MODIS,2016-06-09,0.3642683325180163
Matorral y pradera,MODIS,2016-06-25,0.4131316690162445
Matorral y pradera,MODIS,2016-07-11,0.29603833438207705
Matorral y pradera,MODIS,2016-07-27,0.39851999931658305
Matorral y pradera,MODIS,2016-08-12,0.4087616689192752
Matorral y pradera,MODIS,2016-08-28,0.4083133332431316
Matorral y pradera,MODIS,2016-09-13,0.3850216663132111
Matorral y pradera,MODIS,2016-09-29,0.38567833428581555
Matorral y pradera,MODIS,2016-10-15,0.35170166542132697
Matorral y pradera,MODIS,2016-10-31,0.3513049992422263
Matorral y pradera,MODIS,2016-11-16,0.3249300017952919
Matorral y pradera,MODIS,2016-12-02,0.3196733315785726
Matorral y pradera,MODIS,2016-12-18,0.31677000001072886
Matorral y pradera,MODIS,2017-01-01,0.32047500014305114
Matorral y pradera,MODIS,2017-01-17,0.31251833339532215
Matorral y pradera,MODIS,2017-02-02,0.3208833331863085
Matorral y pradera,MODIS,2017-02-18,0.2932433351874352
Matorral y pradera,MODIS,2017-03-06,0.2993299985925357
Matorral y pradera,MODIS,2017-03-22,0.2834799990057945
Matorral y pradera,MODIS,2017-04-07,0.3014716664950053
Matorral y pradera,MODIS,2017-04-23,0.31714499890804293
Matorral y pradera,MODIS,2017-05-09,0.30850000044641396
Matorral y pradera,MODIS,2017-05-25,0.3084733358118683
Matorral y pradera,MODIS,2017-06-10,0.28297499928157777
Matorral y pradera,MODIS,2017-06-26,0.38380833469952147
Matorral y pradera,MODIS,2017-07-12,0.3003866664793653
Matorral y pradera,MODIS,2017-07-28,0.3838616657226036
Matorral y pradera,MODIS,2017-08-13,0.3688816657367473
Matorral y pradera,MODIS,2017-08-29,0.3995566645016273
Matorral y pradera,MODIS,2017-09-14,0.3825216660896937
Matorral y pradera,MODIS,2017-09-30,0.43227666889627775
Matorral y pradera,MODIS,2017-10-16,0.4317033345500628
Matorral y pradera,MODIS,2017-11-01,0.4613550027211507
Matorral y pradera,MODIS,2017-11-17,0.39327666933337846
Matorral y pradera,MODIS,2017-12-03,0.36923166786630945
Matorral y pradera,MODIS,2017-12-19,0.34244999960064887
Matorral y pradera,MODIS,2018-01-01,0.3305899995068709
Matorral y pradera,MODIS,2018-01-17,0.32190999810894333
Matorral y pradera,MODIS,2018-02-02,0.3063916670779387
Matorral y pradera,MODIS,2018-02-18,0.303065001219511
Matorral y pradera,MODIS,2018-03-06,0.29422666480143866
Matorral y pradera,MODIS,2018-03-22,0.3096783359845479
Matorral y pradera,MODIS,2018-04-07,0.2977600005765756
Matorral y pradera,MODIS,2018-04-23,0.30347999980052315
Matorral y pradera,MODIS,2018-05-09,0.3012766681611538
Matorral y pradera,MODIS,2018-05-25,0.3072733310361703
Matorral y pradera,MODIS,2018-06-10,0.2516816667281091
Matorral y pradera,MODIS,2018-06-26,0.3198600001904803
Matorral y pradera,MODIS,2018-07-12,0.3253033347427845
Matorral y pradera,MODIS,2018-07-28,0.33176666585107645
Matorral y pradera,MODIS,2018-08-13,0.34427000034678107
Matorral y pradera,MODIS,2018-08-29,0.34301500096917154
Matorral y pradera,MODIS,2018-09-14,0.331923334300518
Matorral y pradera,MODIS,2018-09-30,0.37403833369414013
Matorral y pradera,MODIS,2018-10-16,0.35754166593154274
Matorral y pradera,MODIS,2018-11-01,0.34611666525403656
Matorral y pradera,MODIS,2018-11-17,0.3244316672285398
Matorral y pradera,MODIS,2018-12-03,0.31336666469772656
Matorral y pradera,MODIS,2018-12-19,0.294603331387043
Matorral y pradera,MODIS,2019-01-01,0.2817466671268145
Matorral y pradera,MODIS,2019-01-17,0.26841499979297323
Matorral y pradera,MODIS,2019-02-02,0.25840499848127363
Matorral y pradera,MODIS,2019-02-18,0.2656816671291987
Matorral y pradera,MODIS,2019-03-06,0.26565666596094767
Matorral y pradera,MODIS,2019-03-22,0.26244666799902916
Matorral y pradera,MODIS,2019-04-07,0.2591433323919773
Matorral y pradera,MODIS,2019-04-23,0.26262833227713905
Matorral y pradera,MODIS,2019-05-09,0.26651333446304004
Matorral y pradera,MODIS,2019-05-25,0.2792933315038681
Matorral y pradera,MODIS,2019-06-10,0.2552083322002242
Matorral y pradera,MODIS,2019-06-26,0.23397666616365315
Matorral y pradera,MODIS,2019-07-12,0.24146333238265166
Matorral y pradera,MODIS,2019-07-28,0.2908699981868267
Matorral y pradera,MODIS,2019-08-13,0.28035999797284605
Matorral y pradera,MODIS,2019-08-29,0.28388833478093145
Matorral y pradera,MODIS,2019-09-14,0.2616633330782255
Matorral y pradera,MODIS,2019-09-30,0.25576000089446704
Matorral y pradera,MODIS,2019-10-16,0.24681666617592177
Matorral y pradera,MODIS,2019-11-01,0.23948666701714197
Matorral y pradera,MODIS,2019-11-17,0.22681500042478245
Matorral y pradera,MODIS,2019-12-03,0.2193933347860972
Matorral y pradera,MODIS,2019-12-19,0.2116883339981238
Matorral y pradera,MODIS,2020-01-01,0.21072166686256727
Matorral y pradera,MODIS,2020-01-17,0.2125799998641014
Matorral y pradera,MODIS,2020-02-02,0.20489333296815554
Matorral y pradera,MODIS,2020-02-18,0.20555833453933398
Matorral y pradera,MODIS,2020-03-05,0.207645000765721
Matorral y pradera,MODIS,2020-03-21,0.20544833317399025
Matorral y pradera,MODIS,2020-04-06,0.22037499944369
Matorral y pradera,MODIS,2020-04-22,0.22743000015616416
Matorral y pradera,MODIS,2020-05-08,0.22083666572968164
Matorral y pradera,MODIS,2020-05-24,0.23606999988357227
Matorral y pradera,MODIS,2020-06-09,0.22188333288456003
Matorral y pradera,MODIS,2020-06-25,0.0405166671203915
Matorral y pradera,MODIS,2020-07-11,0.1002316666514768
Matorral y pradera,MODIS,2020-07-27,0.18775166786896685
Matorral y pradera,MODIS,2020-08-12,0.2381116667490763
Matorral y pradera,MODIS,2020-08-28,0.2663533334309856
Matorral y pradera,MODIS,2020-09-13,0.2886899999032418
Matorral y pradera,MODIS,2020-09-29,0.3137066666036844
Matorral y pradera,MODIS,2020-10-15,0.3049216665327549
Matorral y pradera,MODIS,2020-10-31,0.2782616659998894
Matorral y pradera,MODIS,2020-11-16,0.2899349987506866
Matorral y pradera,MODIS,2020-12-02,0.27702000016967454
Matorral y pradera,MODIS,2020-12-18,0.2642033303777377
Matorral y pradera,MODIS,2021-01-01,0.2671583327154318
Matorral y pradera,MODIS,2021-01-17,0.2658883338173231
Matorral y pradera,MODIS,2021-02-02,0.2691783326367537
Matorral y pradera,MODIS,2021-02-18,0.2652450015147527
Matorral y pradera,MODIS,2021-03-06,0.28366166800260545
Matorral y pradera,MODIS,2021-03-22,0.2813383348286152
Matorral y pradera,MODIS,2021-04-07,0.2776783317327499
Matorral y pradera,MODIS,2021-04-23,0.2785616663595041
Matorral y pradera,MODIS,2021-05-09,0.27164333189527196
Matorral y pradera,MODIS,2021-05-25,0.28854666637877624
Matorral y pradera,MODIS,2021-06-10,0.2699150001009305
Matorral y pradera,MODIS,2021-06-26,0.25660333366443716
Matorral y pradera,MODIS,2021-07-12,0.3059500011305014
Matorral y pradera,MODIS,2021-07-28,0.289139997959137
Matorral y pradera,MODIS,2021-08-13,0.28505833571155864
Matorral y pradera,MODIS,2021-08-29,0.2865799990637849
Matorral y pradera,MODIS,2021-09-14,0.30577833130955695
Matorral y pradera,MODIS,2021-09-30,0.3616766673823198
Matorral y pradera,MODIS,2021-10-16,0.31219666774074234
Matorral y pradera,MODIS,2021-11-01,0.30481999839345614
Matorral y pradera,MODIS,2021-11-17,0.2871200000246366
Matorral y pradera,MODIS,2021-12-03,0.26645499939719836
Matorral y pradera,MODIS,2021-12-19,0.2662649984161059
Matorral y pradera,MODIS,2022-01-01,0.2634866659839948
Matorral y pradera,MODIS,2022-01-17,0.24795666759212812
Matorral y pradera,MODIS,2022-02-02,0.24369166692097982
Matorral y pradera,MODIS,2022-02-18,0.25988000134627026
Matorral y pradera,MODIS,2022-03-06,0.23864333257079123
Matorral y pradera,MODIS,2022-03-22,0.24378333265582722
Matorral y pradera,MODIS,2022-04-07,0.2523283325135708
Matorral y pradera,MODIS,2022-04-23,0.28533833225568134
Matorral y pradera,MODIS,2022-05-09,0.25847166602810223
Matorral y pradera,MODIS,2022-05-25,0.2618816651403904
Matorral y pradera,MODIS,2022-06-10,0.2671350001047055
Matorral y pradera,MODIS,2022-06-26,0.2028199997585034
Matorral y pradera,MODIS,2022-07-12,0.1561166673310557
Matorral y pradera,MODIS,2022-07-28,0.25185333247451736
Matorral y pradera,MODIS,2022-08-13,0.285896665804709
Matorral y pradera,MODIS,2022-08-29,0.3321766665826241
Matorral y pradera,MODIS,2022-09-14,0.33153333005805813
Matorral y pradera,MODIS,2022-09-30,0.33153333341081936
Matorral y pradera,MODIS,2022-10-16,0.3033683322370052
Matorral y pradera,MODIS,2022-11-01,0.31690333411097527
Matorral y pradera,MODIS,2022-11-17,0.31355499997735026
Matorral y pradera,MODIS,2022-12-03,0.2924533324937026
Matorral y pradera,MODIS,2022-12-19,0.2786899983882904
Matorral y pradera,MODIS,2023-01-01,0.2726350001990795
Matorral y pradera,MODIS,2023-01-17,0.2622649990022182
Matorral y pradera,MODIS,2023-02-02,0.2621133322517077
Matorral y pradera,MODIS,2023-02-18,0.2622649997472763
Matorral y pradera,MODIS,2023-03-06,0.2521349978943666
Matorral y pradera,MODIS,2023-03-22,0.2555966647962729
Matorral y pradera,MODIS,2023-04-07,0.2546200012167295
Matorral y pradera,MODIS,2023-04-23,0.27334333434700964
Matorral y pradera,MODIS,2023-05-09,0.2585649999479453
Matorral y pradera,MODIS,2023-05-25,0.35194666758179666
Matorral y pradera,MODIS,2023-06-10,0.26986666520436603
Matorral y pradera,MODIS,2023-06-26,0.2746283331265052
Matorral y pradera,MODIS,2023-07-12,0.250394999794662
Matorral y pradera,MODIS,2023-07-28,0.35335833417872586
Matorral y pradera,MODIS,2023-08-13,0.37128666701416174
Matorral y pradera,MODIS,2023-08-29,0.3319999993313104
Matorral y pradera,MODIS,2023-09-14,0.41388999912887814
Matorral y pradera,MODIS,2023-09-30,0.43169666652878125
Matorral y pradera,MODIS,2023-10-16,0.41866666823625565
Matorral y pradera,MODIS,2023-11-01,0.42788333594799044
Matorral y pradera,MODIS,2023-11-17,0.3883416675031185
Matorral y pradera,MODIS,2023-12-03,0.3505583323538303
Matorral y pradera,MODIS,2023-12-19,0.33019000018636385
Matorral y pradera,MODIS,2024-01-01,0.32810166602333385
Matorral y pradera,MODIS,2024-01-17,0.311901667714119
Matorral y pradera,MODIS,2024-02-02,0.30231166755159694
Matorral y pradera,MODIS,2024-02-18,0.3068166663249334
Matorral y pradera,MODIS,2024-03-05,0.30947833359241483
Matorral y pradera,MODIS,2024-03-21,0.29779166703422866
Matorral y pradera,MODIS,2024-04-06,0.30611333400011065
Matorral y pradera,MODIS,2024-04-22,0.29533499851822853
Matorral y pradera,MODIS,2024-05-08,0.26604333262439467
Matorral y pradera,MODIS,2024-05-24,0.24559166516022135
Matorral y pradera,MODIS,2024-06-09,0.12663999981984186
Matorral y pradera,MODIS,2024-06-25,0.19771999963559211
Matorral y pradera,MODIS,2024-07-11,0.25628166504514716
Matorral y pradera,MODIS,2024-07-27,0.2064083334679405
Matorral y pradera,MODIS,2024-08-12,0.28964666727309424
Matorral y pradera,MODIS,2024-08-28,0.309636666936179
Matorral y pradera,MODIS,2024-09-13,0.3571283331063266
Matorral y pradera,MODIS,2024-09-29,0.35490666578213376
Matorral y pradera,MODIS,2024-10-15,0.3619316684703032
Matorral y pradera,MODIS,2024-10-31,0.3378783320387205
Matorral y pradera,MODIS,2024-11-16,0.37148833324511843
Matorral y pradera,MODIS,2024-12-02,0.30061500146985054
Matorral y pradera,MODIS,2024-12-18,0.2938016665478547
Matorral y pradera,Sentinel,2019-01-08,0.2680429638497396
Matorral y pradera,Sentinel,2019-01-24,0.25707457587639493
Matorral y pradera,Sentinel,2019-02-09,0.26683441812483616
Matorral y pradera,Sentinel,2019-02-25,0.27034424196839535
Matorral y pradera,Sentinel,2019-03-12,0.2959518339818024
Matorral y pradera,Sentinel,2019-03-28,0.2804271625059198
Matorral y pradera,Sentinel,2019-04-13,0.2572308162200087
Matorral y pradera,Sentinel,2019-04-29,0.3291544774134215
Matorral y pradera,Sentinel,2019-05-15,0.19008547818866053
Matorral y pradera,Sentinel,2019-05-31,0.05101647896389957
Matorral y pradera,Sentinel,2019-06-16,0.43172504150807905
Matorral y pradera,Sentinel,2019-07-01,0.31448692692235897
Matorral y pradera,Sentinel,2019-07-17,0.3275501657121042
Matorral y pradera,Sentinel,2019-08-02,0.36307748425268477
Matorral y pradera,Sentinel,2019-08-18,0.4024076601323499
Matorral y pradera,Sentinel,2019-09-03,0.340801254617092
Matorral y pradera,Sentinel,2019-09-19,0.3179015100937536
Matorral y pradera,Sentinel,2019-10-05,0.2724342270173695
Matorral y pradera,Sentinel,2019-10-21,0.25535656272790525
Matorral y pradera,Sentinel,2019-11-05,0.22617905577436645
Matorral y pradera,Sentinel,2019-11-21,0.23163772319947545
Matorral y pradera,Sentinel,2019-12-07,0.22236663954084693
Matorral y pradera,Sentinel,2019-12-23,0.21071879980541472
Matorral y pradera,Sentinel,2020-01-08,0.19441790048311533
Matorral y pradera,Sentinel,2020-01-24,0.20255691992474167
Matorral y pradera,Sentinel,2020-02-09,0.20505808907006762
Matorral y pradera,Sentinel,2020-02-25,0.20676528026549718
Matorral y pradera,Sentinel,2020-03-11,0.22342942037659033
Matorral y pradera,Sentinel,2020-03-27,0.2557427541346987
Matorral y pradera,Sentinel,2020-04-12,0.28805608789280707
Matorral y pradera,Sentinel,2020-04-28,0.2616530904615039
Matorral y pradera,Sentinel,2020-05-14,0.32646117491909754
Matorral y pradera,Sentinel,2020-05-30,0.21140983025658777
Matorral y pradera,Sentinel,2020-06-15,0.23190625519386765
Matorral y pradera,Sentinel,2020-06-30,0.1937549149595735
Matorral y pradera,Sentinel,2020-07-16,0.08210917822521883
Matorral y pradera,Sentinel,2020-08-01,0.24928743362092817
Matorral y pradera,Sentinel,2020-08-17,0.2887622002336779
Matorral y pradera,Sentinel,2020-09-02,0.3166556931694863
Matorral y pradera,Sentinel,2020-09-18,0.33954228645582046
Matorral y pradera,Sentinel,2020-10-04,0.3317280075315933
Matorral y pradera,Sentinel,2020-10-20,0.3213902737606877
Matorral y pradera,Sentinel,2020-11-04,0.27978083568093204
Matorral y pradera,Sentinel,2020-11-20,0.2660670164936303
Matorral y pradera,Sentinel,2020-12-06,0.2611926554911174
Matorral y pradera,Sentinel,2020-12-22,0.23646934707661316
Matorral y pradera,Sentinel,2021-01-07,0.25935490440080244
Matorral y pradera,Sentinel,2021-01-08,0.24915614889547721
Matorral y pradera,Sentinel,2021-01-24,0.2662055832468639
Matorral y pradera,Sentinel,2021-02-09,0.27872373379666193
Matorral y pradera,Sentinel,2021-02-25,0.29124188434646
Matorral y pradera,Sentinel,2021-03-12,0.27930681279722736
Matorral y pradera,Sentinel,2021-03-28,0.32131461984673454
Matorral y pradera,Sentinel,2021-04-13,0.3455566399489764
Matorral y pradera,Sentinel,2021-04-29,0.37389309419813915
Matorral y pradera,Sentinel,2021-05-15,0.10687092440534005
Matorral y pradera,Sentinel,2021-05-31,0.44688895549374363
Matorral y pradera,Sentinel,2021-06-16,0.46929537674770916
Matorral y pradera,Sentinel,2021-07-01,0.3999485599028786
Matorral y pradera,Sentinel,2021-07-17,0.4323525508247349
Matorral y pradera,Sentinel,2021-08-02,0.4484129476128112
Matorral y pradera,Sentinel,2021-08-18,0.38739625153352286
Matorral y pradera,Sentinel,2021-09-03,0.36942707476510545
Matorral y pradera,Sentinel,2021-09-19,0.346902302586343
Matorral y pradera,Sentinel,2021-10-05,0.34115404537268834
Matorral y pradera,Sentinel,2021-10-21,0.3273085602647197
Matorral y pradera,Sentinel,2021-11-05,0.286311572572833
Matorral y pradera,Sentinel,2021-11-21,0.2740109790244991
Matorral y pradera,Sentinel,2021-12-07,0.2498275505863969
Matorral y pradera,Sentinel,2021-12-23,0.23850926941869402
Matorral y pradera,Sentinel,2022-01-08,0.23000574544443042
Matorral y pradera,Sentinel,2022-01-24,0.23559950572349256
Matorral y pradera,Sentinel,2022-02-09,0.22513206511966333
Matorral y pradera,Sentinel,2022-02-25,0.2318008998934212
Matorral y pradera,Sentinel,2022-03-12,0.24027587966205946
Matorral y pradera,Sentinel,2022-03-28,0.25464999607543304
Matorral y pradera,Sentinel,2022-04-13,0.2592953881280636
Matorral y pradera,Sentinel,2022-04-29,0.32554948200406036
Matorral y pradera,Sentinel,2022-05-15,0.30440701418363103
Matorral y pradera,Sentinel,2022-05-31,0.29337204840808
Matorral y pradera,Sentinel,2022-06-16,0.409645876740572
Matorral y pradera,Sentinel,2022-07-01,0.256038430201959
Matorral y pradera,Sentinel,2022-07-17,0.21827432859355123
Matorral y pradera,Sentinel,2022-08-02,0.586159464065658
Matorral y pradera,Sentinel,2022-08-18,0.36900388293107267
Matorral y pradera,Sentinel,2022-09-03,0.3655179635037935
Matorral y pradera,Sentinel,2022-09-19,0.3590012548960421
Matorral y pradera,Sentinel,2022-10-05,0.35617423421248146
Matorral y pradera,Sentinel,2022-10-21,0.3091999906089654
Matorral y pradera,Sentinel,2022-11-05,0.2965537426538522
Matorral y pradera,Sentinel,2022-11-21,0.283907494698739
Matorral y pradera,Sentinel,2022-12-07,0.2575873390551848
Matorral y pradera,Sentinel,2022-12-23,0.2520252107841078
Matorral y pradera,Sentinel,2023-01-08,0.24763179775014116
Matorral y pradera,Sentinel,2023-01-24,0.235794022734434
Matorral y pradera,Sentinel,2023-02-09,0.29925571352104124
Matorral y pradera,Sentinel,2023-02-25,0.23259728675674568
Matorral y pradera,Sentinel,2023-03-12,0.23826439972121213
Matorral y pradera,Sentinel,2023-03-28,0.24041602976128507
Matorral y pradera,Sentinel,2023-04-13,0.35211278768592685
Matorral y pradera,Sentinel,2023-04-29,0.2974615456688802
Matorral y pradera,Sentinel,2023-05-15,0.29761409004379974
Matorral y pradera,Sentinel,2023-05-31,0.37913562183330396
Matorral y pradera,Sentinel,2023-06-16,0.28190995906650507
Matorral y pradera,Sentinel,2023-07-01,0.11537358335464352
Matorral y pradera,Sentinel,2023-07-17,0.29053881791775943
Matorral y pradera,Sentinel,2023-08-02,0.4107225377695885
Matorral y pradera,Sentinel,2023-08-18,0.3723440105267301
Matorral y pradera,Sentinel,2023-09-03,0.3789108387917081
Matorral y pradera,Sentinel,2023-09-19,0.38547766705668607
Matorral y pradera,Sentinel,2023-10-05,0.4178509316869139
Matorral y pradera,Sentinel,2023-10-21,0.42183199617109546
Matorral y pradera,Sentinel,2023-11-05,0.05408846156081863
Matorral y pradera,Sentinel,2023-11-21,0.3759042081112331
Matorral y pradera,Sentinel,2023-12-07,0.33003630158475916
Matorral y pradera,Sentinel,2023-12-23,0.3026997028818219
Matorral y pradera,Sentinel,2024-01-08,0.2891156741567699
Matorral y pradera,Sentinel,2024-01-24,0.2720723746307955
Matorral y pradera,Sentinel,2024-02-09,0.26710983606406996
Matorral y pradera,Sentinel,2024-02-25,0.2847184027355364
Matorral y pradera,Sentinel,2024-03-11,0.28503719210186174
Matorral y pradera,Sentinel,2024-03-27,0.30169582794120986
Matorral y pradera,Sentinel,2024-04-12,0.3356268843499473
Matorral y pradera,Sentinel,2024-04-28,0.1774444521120417
Matorral y pradera,Sentinel,2024-05-14,0.1954935198737033
Matorral y pradera,Sentinel,2024-05-30,0.3012144535099156
Matorral y pradera,Sentinel,2024-06-15,0.27613858267187397
Matorral y pradera,Sentinel,2024-06-30,0.2934489998031663
Matorral y pradera,Sentinel,2024-07-16,0.3107594169344587
Matorral y pradera,Sentinel,2024-08-01,0.09339866916584201
Matorral y pradera,Sentinel,2024-08-17,0.18052784897777768
Matorral y pradera,Sentinel,2024-09-02,0.3281606288487008
Matorral y pradera,Sentinel,2024-09-18,0.3555740728029189
Matorral y pradera,Sentinel,2024-10-04,0.3377706439594307
Matorral y pradera,Sentinel,2024-10-20,0.3310136436882864
Matorral y pradera,Sentinel,2024-11-04,0.3316540222695329
Matorral y pradera,Sentinel,2024-11-20,0.3036156183494936
Matorral y pradera,Sentinel,2024-12-06,0.29379023793828873
Matorral y pradera,Sentinel,2024-12-22,0.28142392803382804
Suelo desprovisto,Landsat,2016-01-08,0.24753391786028195
Suelo desprovisto,Landsat,2016-01-24,0.24179341597782467
Suelo desprovisto,Landsat,2016-02-09,0.23605291409536738
Suelo desprovisto,Landsat,2016-02-25,0.23747303386469182
Suelo desprovisto,Landsat,2016-03-11,0.22625219266983762
Suelo desprovisto,Landsat,2016-03-27,0.22204254180211336
Suelo desprovisto,Landsat,2016-04-12,0.21980792140226704
Suelo desprovisto,Landsat,2016-04-28,0.23020843707927877
Suelo desprovisto,Landsat,2016-05-14,0.24060895275629052
Suelo desprovisto,Landsat,2016-05-30,0.25100946843330224
Suelo desprovisto,Landsat,2016-06-15,0.24952535955787636
Suelo desprovisto,Landsat,2016-06-30,0.24581231469439369
Suelo desprovisto,Landsat,2016-07-16,0.24209926983091104
Suelo desprovisto,Landsat,2016-08-01,0.23838622496742837
Suelo desprovisto,Landsat,2016-08-17,0.2346731801039457
Suelo desprovisto,Landsat,2016-09-02,0.23096013524046302
Suelo desprovisto,Landsat,2016-09-18,0.2317452038170453
Suelo desprovisto,Landsat,2016-10-04,0.2505523892323456
Suelo desprovisto,Landsat,2016-10-20,0.2576947962009304
Suelo desprovisto,Landsat,2016-11-04,0.23046311991446053
Suelo desprovisto,Landsat,2016-11-20,0.2287306469547761
Suelo desprovisto,Landsat,2016-12-06,0.2419541817853853
Suelo desprovisto,Landsat,2016-12-22,0.2551777166159945
Suelo desprovisto,Landsat,2017-01-07,0.23769640059508151
Suelo desprovisto,Landsat,2017-01-08,0.23282715989514446
Suelo desprovisto,Landsat,2017-01-24,0.24789800857091596
Suelo desprovisto,Landsat,2017-02-09,0.2558588227684576
Suelo desprovisto,Landsat,2017-02-25,0.2439880777905339
Suelo desprovisto,Landsat,2017-03-12,0.24494339214594688
Suelo desprovisto,Landsat,2017-03-28,0.24415829556683977
Suelo desprovisto,Landsat,2017-04-13,0.2301965888235932
Suelo desprovisto,Landsat,2017-04-29,0.2260436070521506
Suelo desprovisto,Landsat,2017-05-15,0.2303649221278256
Suelo desprovisto,Landsat,2017-05-31,0.23468916436078596
Suelo desprovisto,Landsat,2017-06-16,0.2390134065937463
Suelo desprovisto,Landsat,2017-07-01,0.24333764882670667
Suelo desprovisto,Landsat,2017-07-17,0.24766189105966702
Suelo desprovisto,Landsat,2017-08-02,0.2529557335465137
Suelo desprovisto,Landsat,2017-08-18,0.2582495760333603
Suelo desprovisto,Landsat,2017-09-03,0.258061144758969
Suelo desprovisto,Landsat,2017-09-19,0.2592430424042202
Suelo desprovisto,Landsat,2017-10-05,0.2604249400494714
Suelo desprovisto,Landsat,2017-10-21,0.26160683769472265
Suelo desprovisto,Landsat,2017-11-05,0.2626330123469863
Suelo desprovisto,Landsat,2017-11-21,0.26365918699925006
Suelo desprovisto,Landsat,2017-12-07,0.26468536165151374
Suelo desprovisto,Landsat,2017-12-23,0.2657115363037774
Suelo desprovisto,Landsat,2018-01-08,0.2813606722584381
Suelo desprovisto,Landsat,2018-01-24,0.281068635041549
Suelo desprovisto,Landsat,2018-02-09,0.2738698400558216
Suelo desprovisto,Landsat,2018-02-25,0.26776991960461655
Suelo desprovisto,Landsat,2018-03-12,0.2533692455074338
Suelo desprovisto,Landsat,2018-03-28,0.23751381945421224
Suelo desprovisto,Landsat,2018-04-13,0.2451676422870716
Suelo desprovisto,Landsat,2018-04-29,0.23718184184693777
Suelo desprovisto,Landsat,2018-05-15,0.23854889837758292
Suelo desprovisto,Landsat,2018-05-31,0.22376912140158842
Suelo desprovisto,Landsat,2018-06-16,0.2089893444255939
Suelo desprovisto,Landsat,2018-07-01,0.22804485631021895
Suelo desprovisto,Landsat,2018-07-17,0.20757815108428504
Suelo desprovisto,Landsat,2018-08-02,0.21361977445942731
Suelo desprovisto,Landsat,2018-08-18,0.2196613978345696
Suelo desprovisto,Landsat,2018-09-03,0.22573061855074164
Suelo desprovisto,Landsat,2018-09-19,0.2317998392669137
Suelo desprovisto,Landsat,2018-10-05,0.23303115853659676
Suelo desprovisto,Landsat,2018-10-21,0.23426247780627985
Suelo desprovisto,Landsat,2018-11-05,0.23132284116435597
Suelo desprovisto,Landsat,2018-11-21,0.2376578242827325
Suelo desprovisto,Landsat,2018-12-07,0.2393742618065219
Suelo desprovisto,Landsat,2018-12-23,0.24109069933031133
Suelo desprovisto,Landsat,2019-01-08,0.2517950062505075
Suelo desprovisto,Landsat,2019-01-24,0.2554967923593057
Suelo desprovisto,Landsat,2019-02-09,0.2575954683536354
Suelo desprovisto,Landsat,2019-02-25,0.24664546086174094
Suelo desprovisto,Landsat,2019-03-12,0.23762284776359632
Suelo desprovisto,Landsat,2019-03-28,0.22951362095023561
Suelo desprovisto,Landsat,2019-04-13,0.22205656236009913
Suelo desprovisto,Landsat,2019-04-29,0.2221597102671757
Suelo desprovisto,Landsat,2019-05-15,0.21731714170660807
Suelo desprovisto,Landsat,2019-05-31,0.21150837918802065
Suelo desprovisto,Landsat,2019-06-16,0.19965889548940943
Suelo desprovisto,Landsat,2019-07-01,0.1878094117907982
Suelo desprovisto,Landsat,2019-07-17,0.17595992809218697
Suelo desprovisto,Landsat,2019-08-02,0.20927153859863357
Suelo desprovisto,Landsat,2019-08-18,0.20833145852908047
Suelo desprovisto,Landsat,2019-09-03,0.20739137845952735
Suelo desprovisto,Landsat,2019-09-19,0.20645129838997422
Suelo desprovisto,Landsat,2019-10-05,0.20524865742078008
Suelo desprovisto,Landsat,2019-10-21,0.2041563125416936
Suelo desprovisto,Landsat,2019-11-05,0.20306396766260715
Suelo desprovisto,Landsat,2019-11-21,0.20528241571286282
Suelo desprovisto,Landsat,2019-12-07,0.2075008637631185
Suelo desprovisto,Landsat,2019-12-23,0.20971931181337417
Suelo desprovisto,Landsat,2020-01-08,0.20145707066693716
Suelo desprovisto,Landsat,2020-01-24,0.19468431756894133
Suelo desprovisto,Landsat,2020-02-09,0.18808753925079238
Suelo desprovisto,Landsat,2020-02-25,0.1847700784308522
Suelo desprovisto,Landsat,2020-03-11,0.1693319675396464
Suelo desprovisto,Landsat,2020-03-27,0.17978119323311761
Suelo desprovisto,Landsat,2020-04-12,0.17633099688244275
Suelo desprovisto,Landsat,2020-04-28,0.17285811143155558
Suelo desprovisto,Landsat,2020-05-14,0.16938522598066844
Suelo desprovisto,Landsat,2020-05-30,0.16842973038568776
Suelo desprovisto,Landsat,2020-06-15,0.16919773286118556
Suelo desprovisto,Landsat,2020-06-30,0.16914176719124888
Suelo desprovisto,Landsat,2020-07-16,0.16908580152131222
Suelo desprovisto,Landsat,2020-08-01,0.16902983585137554
Suelo desprovisto,Landsat,2020-08-17,0.18034576444716993
Suelo desprovisto,Landsat,2020-09-02,0.17821896864968625
Suelo desprovisto,Landsat,2020-09-18,0.17840517056391805
Suelo desprovisto,Landsat,2020-10-04,0.1698812135287186
Suelo desprovisto,Landsat,2020-10-20,0.16135725649351912
Suelo desprovisto,Landsat,2020-11-04,0.15283329945831967
Suelo desprovisto,Landsat,2020-11-20,0.1443093424231202
Suelo desprovisto,Landsat,2020-12-06,0.13826660632233664
Suelo desprovisto,Landsat,2020-12-22,0.1465091431615211
Suelo desprovisto,Landsat,2021-01-07,0.15846955476806493
Suelo desprovisto,Landsat,2021-01-08,0.18149903067943404
Suelo desprovisto,Landsat,2021-01-24,0.19379931943299003
Suelo desprovisto,Landsat,2021-02-09,0.20873560090979715
Suelo desprovisto,Landsat,2021-02-25,0.21268872584224321
Suelo desprovisto,Landsat,2021-03-12,0.21524122340622806
Suelo desprovisto,Landsat,2021-03-28,0.2134756280016691
Suelo desprovisto,Landsat,2021-04-13,0.21171003259711016
Suelo desprovisto,Landsat,2021-04-29,0.20712380826540222
Suelo desprovisto,Landsat,2021-05-15,0.21353831824800698
Suelo desprovisto,Landsat,2021-05-31,0.20866304912876618
Suelo desprovisto,Landsat,2021-06-16,0.204637091493304
Suelo desprovisto,Landsat,2021-07-01,0.19687774658053295
Suelo desprovisto,Landsat,2021-07-17,0.2026280727023115
Suelo desprovisto,Landsat,2021-08-02,0.20837839882409007
Suelo desprovisto,Landsat,2021-08-18,0.21470013197874183
Suelo desprovisto,Landsat,2021-09-03,0.20947598314584887
Suelo desprovisto,Landsat,2021-09-19,0.2042518343129559
Suelo desprovisto,Landsat,2021-10-05,0.218880490961948
Suelo desprovisto,Landsat,2021-10-21,0.2197866296719003
Suelo desprovisto,Landsat,2021-11-05,0.21314455329087945
Suelo desprovisto,Landsat,2021-11-21,0.2123874400584917
Suelo desprovisto,Landsat,2021-12-07,0.21338413522137872
Suelo desprovisto,Landsat,2021-12-23,0.21438083038426572
Suelo desprovisto,Landsat,2022-01-08,0.2059223434065659
Suelo desprovisto,Landsat,2022-01-24,0.21336813348143183
Suelo desprovisto,Landsat,2022-02-09,0.22269599031845028
Suelo desprovisto,Landsat,2022-02-25,0.22441077566920925
Suelo desprovisto,Landsat,2022-03-12,0.22876614113112387
Suelo desprovisto,Landsat,2022-03-28,0.2254173676139238
Suelo desprovisto,Landsat,2022-04-13,0.21712329819985782
Suelo desprovisto,Landsat,2022-04-29,0.2152714128336329
Suelo desprovisto,Landsat,2022-05-15,0.20633166392086097
Suelo desprovisto,Landsat,2022-05-31,0.2080997387982272
Suelo desprovisto,Landsat,2022-06-16,0.20362537423234517
Suelo desprovisto,Landsat,2022-07-01,0.2044345439843669
Suelo desprovisto,Landsat,2022-07-17,0.20375371772860984
Suelo desprovisto,Landsat,2022-08-02,0.2030728914728528
Suelo desprovisto,Landsat,2022-08-18,0.20239206521709574
Suelo desprovisto,Landsat,2022-09-03,0.20293709094399087
Suelo desprovisto,Landsat,2022-09-19,0.2046609075281273
Suelo desprovisto,Landsat,2022-10-05,0.2085577282210128
Suelo desprovisto,Landsat,2022-10-21,0.20281425074480464
Suelo desprovisto,Landsat,2022-11-05,0.19267664015795405
Suelo desprovisto,Landsat,2022-11-21,0.18914103180404832
Suelo desprovisto,Landsat,2022-12-07,0.18546902504461232
Suelo desprovisto,Landsat,2022-12-23,0.18179701828517633
Suelo desprovisto,Landsat,2023-01-08,0.19017905888491082
Suelo desprovisto,Landsat,2023-01-24,0.21717866070920108
Suelo desprovisto,Landsat,2023-02-09,0.21421462696998733
Suelo desprovisto,Landsat,2023-02-25,0.2182805097154148
Suelo desprovisto,Landsat,2023-03-12,0.22475270989781032
Suelo desprovisto,Landsat,2023-03-28,0.22243477891225719
Suelo desprovisto,Landsat,2023-04-13,0.22792972855892304
Suelo desprovisto,Landsat,2023-04-29,0.21774250575895146
Suelo desprovisto,Landsat,2023-05-15,0.2211840880536786
Suelo desprovisto,Landsat,2023-05-31,0.21189222284130887
Suelo desprovisto,Landsat,2023-06-16,0.21165987527128988
Suelo desprovisto,Landsat,2023-07-01,0.2046224067884113
Suelo desprovisto,Landsat,2023-07-17,0.20509349318650802
Suelo desprovisto,Landsat,2023-08-02,0.206688973336535
Suelo desprovisto,Landsat,2023-08-18,0.20271990560943395
Suelo desprovisto,Landsat,2023-09-03,0.1929147561127735
Suelo desprovisto,Landsat,2023-09-19,0.21281558002627896
Suelo desprovisto,Landsat,2023-10-05,0.20386872572300907
Suelo desprovisto,Landsat,2023-10-21,0.1949218714197392
Suelo desprovisto,Landsat,2023-11-05,0.21019133887185804
Suelo desprovisto,Landsat,2023-11-21,0.20746763997207204
Suelo desprovisto,Landsat,2023-12-07,0.20474394107228605
Suelo desprovisto,Landsat,2023-12-23,0.21463034499591926
Suelo desprovisto,Landsat,2024-01-08,0.22179533564417436
Suelo desprovisto,Landsat,2024-01-24,0.2397534562140271
Suelo desprovisto,Landsat,2024-02-09,0.23995942405019147
Suelo desprovisto,Landsat,2024-02-25,0.24402850130805487
Suelo desprovisto,Landsat,2024-03-11,0.24694410873331435
Suelo desprovisto,Landsat,2024-03-27,0.24985971615857386
Suelo desprovisto,Landsat,2024-04-12,0.2595756918492373
Suelo desprovisto,Landsat,2024-04-28,0.25477442676253964
Suelo desprovisto,Landsat,2024-05-14,0.2515795804937916
Suelo desprovisto,Landsat,2024-05-30,0.24780760538892488
Suelo desprovisto,Landsat,2024-06-15,0.24341232673435953
Suelo desprovisto,Landsat,2024-06-30,0.23901704807979415
Suelo desprovisto,Landsat,2024-07-16,0.2344367966041963
Suelo desprovisto,Landsat,2024-08-01,0.23701014642126236
Suelo desprovisto,Landsat,2024-08-17,0.23958349623832842
Suelo desprovisto,Landsat,2024-09-02,0.24215684605539448
Suelo desprovisto,Landsat,2024-09-18,0.23859610782791543
Suelo desprovisto,Landsat,2024-10-04,0.21962210605953958
Suelo desprovisto,Landsat,2024-10-20,0.23937297223612486
Suelo desprovisto,Landsat,2024-11-04,0.2324056999866108
Suelo desprovisto,Landsat,2024-11-20,0.23145949876706468
Suelo desprovisto,Landsat,2024-12-06,0.2305132975475186
Suelo desprovisto,Landsat,2024-12-22,0.22956709632797248
Suelo desprovisto,MODIS,2016-01-01,0.16361833413441976
Suelo desprovisto,MODIS,2016-01-17,0.15792166634152333
Suelo desprovisto,MODIS,2016-02-02,0.15424833328773577
Suelo desprovisto,MODIS,2016-02-18,0.13993499961992104
Suelo desprovisto,MODIS,2016-03-05,0.15344499895970026
Suelo desprovisto,MODIS,2016-03-21,0.14176500017444293
Suelo desprovisto,MODIS,2016-04-06,0.15566999974350135
Suelo desprovisto,MODIS,2016-04-22,0.11957333265478762
Suelo desprovisto,MODIS,2016-05-08,0.13022000091150404
Suelo desprovisto,MODIS,2016-05-24,0.059191666271847986
Suelo desprovisto,MODIS,2016-06-09,-0.04484166700858623
Suelo desprovisto,MODIS,2016-06-25,0.07704166597686708
Suelo desprovisto,MODIS,2016-07-11,-0.05073666657068922
Suelo desprovisto,MODIS,2016-07-27,0.02547833394880096
Suelo desprovisto,MODIS,2016-08-12,0.07662333307477336
Suelo desprovisto,MODIS,2016-08-28,0.1051249999300732
Suelo desprovisto,MODIS,2016-09-13,0.12040166674608675
Suelo desprovisto,MODIS,2016-09-29,0.14126166477799415
Suelo desprovisto,MODIS,2016-10-15,0.13634666671666007
Suelo desprovisto,MODIS,2016-10-31,0.15546499987443288
Suelo desprovisto,MODIS,2016-11-16,0.1602866659561793
Suelo desprovisto,MODIS,2016-12-02,0.1643750000745058
Suelo desprovisto,MODIS,2016-12-18,0.163043333714207
Suelo desprovisto,MODIS,2017-01-01,0.17069333332280318
Suelo desprovisto,MODIS,2017-01-17,0.1667950006822745
Suelo desprovisto,MODIS,2017-02-02,0.16918833355108898
Suelo desprovisto,MODIS,2017-02-18,0.15632999980201323
Suelo desprovisto,MODIS,2017-03-06,0.15258333335320154
Suelo desprovisto,MODIS,2017-03-22,0.14987666768332322
Suelo desprovisto,MODIS,2017-04-07,0.14971000055472056
Suelo desprovisto,MODIS,2017-04-23,0.15314333289861679
Suelo desprovisto,MODIS,2017-05-09,0.008181667002888087
Suelo desprovisto,MODIS,2017-05-25,0.009420000373696289
Suelo desprovisto,MODIS,2017-06-10,-0.011450000371163088
Suelo desprovisto,MODIS,2017-06-26,0.04718666734212699
Suelo desprovisto,MODIS,2017-07-12,-0.01109166634075033
Suelo desprovisto,MODIS,2017-07-28,0.05381666738927985
Suelo desprovisto,MODIS,2017-08-13,0.022958333247030775
Suelo desprovisto,MODIS,2017-08-29,0.07496499951812438
Suelo desprovisto,MODIS,2017-09-14,0.08660500000696629
Suelo desprovisto,MODIS,2017-09-30,0.047983333064864075
Suelo desprovisto,MODIS,2017-10-16,0.14355499965992446
Suelo desprovisto,MODIS,2017-11-01,0.15382500030100346
Suelo desprovisto,MODIS,2017-11-17,0.15942333452403545
Suelo desprovisto,MODIS,2017-12-03,0.1661216670026382
Suelo desprovisto,MODIS,2017-12-19,0.1627866666764021
Suelo desprovisto,MODIS,2018-01-01,0.16514500031868617
Suelo desprovisto,MODIS,2018-01-17,0.1511950006087621
Suelo desprovisto,MODIS,2018-02-02,0.14485666677355766
Suelo desprovisto,MODIS,2018-02-18,0.14593666698783636
Suelo desprovisto,MODIS,2018-03-06,0.13860000123580296
Suelo desprovisto,MODIS,2018-03-22,0.1377966665973266
Suelo desprovisto,MODIS,2018-04-07,0.13970000023643175
Suelo desprovisto,MODIS,2018-04-23,0.12616000069926184
Suelo desprovisto,MODIS,2018-05-09,0.1326983334807058
Suelo desprovisto,MODIS,2018-05-25,0.13390000027914842
Suelo desprovisto,MODIS,2018-06-10,-0.004569999741700787
Suelo desprovisto,MODIS,2018-06-26,0.017399999631258347
Suelo desprovisto,MODIS,2018-07-12,0.05862500009655681
Suelo desprovisto,MODIS,2018-07-28,0.06599999973550438
Suelo desprovisto,MODIS,2018-08-13,0.05898499925776075
Suelo desprovisto,MODIS,2018-08-29,0.11322166677564383
Suelo desprovisto,MODIS,2018-09-14,0.10315833332327505
Suelo desprovisto,MODIS,2018-09-30,0.11990500005582969
Suelo desprovisto,MODIS,2018-10-16,0.14528999982091287
Suelo desprovisto,MODIS,2018-11-01,0.15768999867141248
Suelo desprovisto,MODIS,2018-11-17,0.1565399993211031
Suelo desprovisto,MODIS,2018-12-03,0.16537666618824004
Suelo desprovisto,MODIS,2018-12-19,0.16472833243509133
Suelo desprovisto,MODIS,2019-01-01,0.15822499978045623
Suelo desprovisto,MODIS,2019-01-17,0.15062833297997713
Suelo desprovisto,MODIS,2019-02-02,0.1447983323285977
Suelo desprovisto,MODIS,2019-02-18,0.14360166577001413
Suelo desprovisto,MODIS,2019-03-06,0.14103833362460136
Suelo desprovisto,MODIS,2019-03-22,0.1401800003523628
Suelo desprovisto,MODIS,2019-04-07,0.12926166684677204
Suelo desprovisto,MODIS,2019-04-23,0.1357516661286354
Suelo desprovisto,MODIS,2019-05-09,0.1439550004589061
Suelo desprovisto,MODIS,2019-05-25,0.09705166705898592
Suelo desprovisto,MODIS,2019-06-10,0.11147333251040739
Suelo desprovisto,MODIS,2019-06-26,0.003068333511328094
Suelo desprovisto,MODIS,2019-07-12,0.01413333392411005
Suelo desprovisto,MODIS,2019-07-28,0.11191500054846984
Suelo desprovisto,MODIS,2019-08-13,0.12031666701368522
Suelo desprovisto,MODIS,2019-08-29,0.12875833343714477
Suelo desprovisto,MODIS,2019-09-14,0.12553833288451036
Suelo desprovisto,MODIS,2019-09-30,0.14262166656553746
Suelo desprovisto,MODIS,2019-10-16,0.12745166687915724
Suelo desprovisto,MODIS,2019-11-01,0.1339433333526055
Suelo desprovisto,MODIS,2019-11-17,0.13274833429604768
Suelo desprovisto,MODIS,2019-12-03,0.12744166695823272
Suelo desprovisto,MODIS,2019-12-19,0.12642500003178914
Suelo desprovisto,MODIS,2020-01-01,0.13205666740735372
Suelo desprovisto,MODIS,2020-01-17,0.13093333306411903
Suelo desprovisto,MODIS,2020-02-02,0.12362499994536241
Suelo desprovisto,MODIS,2020-02-18,0.1216283335040013
Suelo desprovisto,MODIS,2020-03-05,0.12059833289434513
Suelo desprovisto,MODIS,2020-03-21,0.11904333339383205
Suelo desprovisto,MODIS,2020-04-06,0.12371500010291736
Suelo desprovisto,MODIS,2020-04-22,0.1227083332836628
Suelo desprovisto,MODIS,2020-05-08,0.10950499954633415
Suelo desprovisto,MODIS,2020-05-24,0.12194500037779411
Suelo desprovisto,MODIS,2020-06-09,0.10191333248124769
Suelo desprovisto,MODIS,2020-06-25,-0.032428333341764905
Suelo desprovisto,MODIS,2020-07-11,-0.03802666644817994
Suelo desprovisto,MODIS,2020-07-27,-0.025230000043908754
Suelo desprovisto,MODIS,2020-08-12,0.006824999977834524
Suelo desprovisto,MODIS,2020-08-28,0.04151166679803282
Suelo desprovisto,MODIS,2020-09-13,0.0670216670667287
Suelo desprovisto,MODIS,2020-09-29,0.09323833314313863
Suelo desprovisto,MODIS,2020-10-15,0.12627833324174087
Suelo desprovisto,MODIS,2020-10-31,0.125554999584953
Suelo desprovisto,MODIS,2020-11-16,0.134233333542943
Suelo desprovisto,MODIS,2020-12-02,0.13484499976038933
Suelo desprovisto,MODIS,2020-12-18,0.13454999960958958
Suelo desprovisto,MODIS,2021-01-01,0.1276433336858948
Suelo desprovisto,MODIS,2021-01-17,0.13104333362231652
Suelo desprovisto,MODIS,2021-02-02,0.13583666601528724
Suelo desprovisto,MODIS,2021-02-18,0.13898166604340076
Suelo desprovisto,MODIS,2021-03-06,0.14278333323697248
Suelo desprovisto,MODIS,2021-03-22,0.14724833307166893
Suelo desprovisto,MODIS,2021-04-07,0.14138166730602583
Suelo desprovisto,MODIS,2021-04-23,0.14643666675935188
Suelo desprovisto,MODIS,2021-05-09,0.11841333272556463
Suelo desprovisto,MODIS,2021-05-25,0.14686666681276014
Suelo desprovisto,MODIS,2021-06-10,0.13993833294759195
Suelo desprovisto,MODIS,2021-06-26,0.029605000109101335
Suelo desprovisto,MODIS,2021-07-12,0.09190666703507304
Suelo desprovisto,MODIS,2021-07-28,0.11710333374018471
Suelo desprovisto,MODIS,2021-08-13,0.09896166622832728
Suelo desprovisto,MODIS,2021-08-29,0.07692833333276212
Suelo desprovisto,MODIS,2021-09-14,0.08012833366907823
Suelo desprovisto,MODIS,2021-09-30,0.13333499971777202
Suelo desprovisto,MODIS,2021-10-16,0.13364333262046177
Suelo desprovisto,MODIS,2021-11-01,0.14224000076452892
Suelo desprovisto,MODIS,2021-11-17,0.14871333334594966
Suelo desprovisto,MODIS,2021-12-03,0.1425550002604723
Suelo desprovisto,MODIS,2021-12-19,0.14388500054677328
Suelo desprovisto,MODIS,2022-01-01,0.14242999975879986
Suelo desprovisto,MODIS,2022-01-17,0.1318749997143944
Suelo desprovisto,MODIS,2022-02-02,0.13150000007202228
Suelo desprovisto,MODIS,2022-02-18,0.14083166631559532
Suelo desprovisto,MODIS,2022-03-06,0.12198166598876317
Suelo desprovisto,MODIS,2022-03-22,0.1276249997317791
Suelo desprovisto,MODIS,2022-04-07,0.13314666698376337
Suelo desprovisto,MODIS,2022-04-23,0.15359333406668157
Suelo desprovisto,MODIS,2022-05-09,0.11772999968379735
Suelo desprovisto,MODIS,2022-05-25,0.12589333353874585
Suelo desprovisto,MODIS,2022-06-10,0.10047833378581951
Suelo desprovisto,MODIS,2022-06-26,0.020956666643420857
Suelo desprovisto,MODIS,2022-07-12,-0.050811666646040976
Suelo desprovisto,MODIS,2022-07-28,-0.0017350001095716514
Suelo desprovisto,MODIS,2022-08-13,-0.0258816663796703
Suelo desprovisto,MODIS,2022-08-29,0.06511166639393196
Suelo desprovisto,MODIS,2022-09-14,0.07686166677740403
Suelo desprovisto,MODIS,2022-09-30,0.12343833402652915
Suelo desprovisto,MODIS,2022-10-16,0.1327883340573559
Suelo desprovisto,MODIS,2022-11-01,0.14717000015079976
Suelo desprovisto,MODIS,2022-11-17,0.14788166632254918
Suelo desprovisto,MODIS,2022-12-03,0.1496216663469871
Suelo desprovisto,MODIS,2022-12-19,0.14168166605134805
Suelo desprovisto,MODIS,2023-01-01,0.15002666699389616
Suelo desprovisto,MODIS,2023-01-17,0.14022833419342837
Suelo desprovisto,MODIS,2023-02-02,0.14175000029305618
Suelo desprovisto,MODIS,2023-02-18,0.14231833318869272
Suelo desprovisto,MODIS,2023-03-06,0.13708666600286962
Suelo desprovisto,MODIS,2023-03-22,0.13523166564603648
Suelo desprovisto,MODIS,2023-04-07,0.13421499865750472
Suelo desprovisto,MODIS,2023-04-23,0.13957999975730975
Suelo desprovisto,MODIS,2023-05-09,0.1278916669388612
Suelo desprovisto,MODIS,2023-05-25,0.20622499932845434
Suelo desprovisto,MODIS,2023-06-10,0.15558166761572162
Suelo desprovisto,MODIS,2023-06-26,0.12238333295875539
Suelo desprovisto,MODIS,2023-07-12,-0.027726666648716973
Suelo desprovisto,MODIS,2023-07-28,0.0775649998531056
Suelo desprovisto,MODIS,2023-08-13,0.10849666679278017
Suelo desprovisto,MODIS,2023-08-29,-0.02848666733286033
Suelo desprovisto,MODIS,2023-09-14,0.018123332461497436
Suelo desprovisto,MODIS,2023-09-30,0.07629166709181542
Suelo desprovisto,MODIS,2023-10-16,0.11687500124486784
Suelo desprovisto,MODIS,2023-11-01,0.14529333197472927
Suelo desprovisto,MODIS,2023-11-17,0.15162333346282442
Suelo desprovisto,MODIS,2023-12-03,0.15953166726976634
Suelo desprovisto,MODIS,2023-12-19,0.1630066660543283
Suelo desprovisto,MODIS,2024-01-01,0.1676783335705598
Suelo desprovisto,MODIS,2024-01-17,0.15792000032961367
Suelo desprovisto,MODIS,2024-02-02,0.1511600005129973
Suelo desprovisto,MODIS,2024-02-18,0.15802833251655102
Suelo desprovisto,MODIS,2024-03-05,0.1555883338674903
Suelo desprovisto,MODIS,2024-03-21,0.15307166663308938
Suelo desprovisto,MODIS,2024-04-06,0.1526950001095732
Suelo desprovisto,MODIS,2024-04-22,0.14329166640527546
Suelo desprovisto,MODIS,2024-05-08,0.02842166655852149
Suelo desprovisto,MODIS,2024-05-24,0.015611666782448689
Suelo desprovisto,MODIS,2024-06-09,-0.03168333358092544
Suelo desprovisto,MODIS,2024-06-25,-0.08546999997925013
Suelo desprovisto,MODIS,2024-07-11,-0.07217333309041957
Suelo desprovisto,MODIS,2024-07-27,-0.0444100004232799
Suelo desprovisto,MODIS,2024-08-12,-0.020559999738664674
Suelo desprovisto,MODIS,2024-08-28,0.014180000079795719
Suelo desprovisto,MODIS,2024-09-13,0.03872333312950407
Suelo desprovisto,MODIS,2024-09-29,0.08581499923796704
Suelo desprovisto,MODIS,2024-10-15,0.12626499985344708
Suelo desprovisto,MODIS,2024-10-31,0.1451233343842129
Suelo desprovisto,MODIS,2024-11-16,0.181731665879488
Suelo desprovisto,MODIS,2024-12-02,0.14792833396544058
Suelo desprovisto,MODIS,2024-12-18,0.15061166752129793
Suelo desprovisto,Sentinel,2019-01-08,0.21273198915710054
Suelo desprovisto,Sentinel,2019-01-24,0.2026188822911183
Suelo desprovisto,Sentinel,2019-02-09,0.2060112194320853
Suelo desprovisto,Sentinel,2019-02-25,0.20438889863458196
Suelo desprovisto,Sentinel,2019-03-12,0.21737035702185534
Suelo desprovisto,Sentinel,2019-03-28,0.20637646919865604
Suelo desprovisto,Sentinel,2019-04-13,0.18996859540006159
Suelo desprovisto,Sentinel,2019-04-29,0.21908240938753223
Suelo desprovisto,Sentinel,2019-05-15,0.14307374135191628
Suelo desprovisto,Sentinel,2019-05-31,0.06706507331630032
Suelo desprovisto,Sentinel,2019-06-16,0.2572001375591332
Suelo desprovisto,Sentinel,2019-07-01,0.15002095344915564
Suelo desprovisto,Sentinel,2019-07-17,0.21207489833777676
Suelo desprovisto,Sentinel,2019-08-02,0.240014939459729
Suelo desprovisto,Sentinel,2019-08-18,0.24859045053953327
Suelo desprovisto,Sentinel,2019-09-03,0.21955431322022698
Suelo desprovisto,Sentinel,2019-09-19,0.21790236143372055
Suelo desprovisto,Sentinel,2019-10-05,0.19520556251861299
Suelo desprovisto,Sentinel,2019-10-21,0.188568469344466
Suelo desprovisto,Sentinel,2019-11-05,0.17286787614016233
Suelo desprovisto,Sentinel,2019-11-21,0.17818677240712144
Suelo desprovisto,Sentinel,2019-12-07,0.1737999610763926
Suelo desprovisto,Sentinel,2019-12-23,0.16737271961905678
Suelo desprovisto,Sentinel,2020-01-08,0.1552317889442276
Suelo desprovisto,Sentinel,2020-01-24,0.15881090818367524
Suelo desprovisto,Sentinel,2020-02-09,0.15941394400771697
Suelo desprovisto,Sentinel,2020-02-25,0.15682070677217472
Suelo desprovisto,Sentinel,2020-03-11,0.16679994165816547
Suelo desprovisto,Sentinel,2020-03-27,0.18389171917490318
Suelo desprovisto,Sentinel,2020-04-12,0.20098349669164092
Suelo desprovisto,Sentinel,2020-04-28,0.1826622504674137
Suelo desprovisto,Sentinel,2020-05-14,0.20802745850279206
Suelo desprovisto,Sentinel,2020-05-30,0.15609609919443088
Suelo desprovisto,Sentinel,2020-06-15,0.16743696249060958
Suelo desprovisto,Sentinel,2020-06-30,0.03390967223706735
Suelo desprovisto,Sentinel,2020-07-16,0.013057299087396342
Suelo desprovisto,Sentinel,2020-08-01,0.12030933315725287
Suelo desprovisto,Sentinel,2020-08-17,0.13884106844393795
Suelo desprovisto,Sentinel,2020-09-02,0.15438082356231528
Suelo desprovisto,Sentinel,2020-09-18,0.1854466604411236
Suelo desprovisto,Sentinel,2020-10-04,0.20005174115873
Suelo desprovisto,Sentinel,2020-10-20,0.1967301608706114
Suelo desprovisto,Sentinel,2020-11-04,0.19492223111662504
Suelo desprovisto,Sentinel,2020-11-20,0.19761083516079953
Suelo desprovisto,Sentinel,2020-12-06,0.19858619648322245
Suelo desprovisto,Sentinel,2020-12-22,0.18519453376266196
Suelo desprovisto,Sentinel,2021-01-07,0.19566561846071678
Suelo desprovisto,Sentinel,2021-01-08,0.18728348722296878
Suelo desprovisto,Sentinel,2021-01-24,0.2060149653807061
Suelo desprovisto,Sentinel,2021-02-09,0.20933299815714382
Suelo desprovisto,Sentinel,2021-02-25,0.2126510309335815
Suelo desprovisto,Sentinel,2021-03-12,0.20354413575967878
Suelo desprovisto,Sentinel,2021-03-28,0.22846783066033552
Suelo desprovisto,Sentinel,2021-04-13,0.23637863513220175
Suelo desprovisto,Sentinel,2021-04-29,0.2370324506571176
Suelo desprovisto,Sentinel,2021-05-15,0.10807948272068738
Suelo desprovisto,Sentinel,2021-05-31,0.2827379787943859
Suelo desprovisto,Sentinel,2021-06-16,0.3289135185213875
Suelo desprovisto,Sentinel,2021-07-01,0.22573261977601958
Suelo desprovisto,Sentinel,2021-07-17,0.2619334508980078
Suelo desprovisto,Sentinel,2021-08-02,0.27640508289811955
Suelo desprovisto,Sentinel,2021-08-18,0.23616948606108443
Suelo desprovisto,Sentinel,2021-09-03,0.22623680247456043
Suelo desprovisto,Sentinel,2021-09-19,0.21301312257694435
Suelo desprovisto,Sentinel,2021-10-05,0.21155114647855297
Suelo desprovisto,Sentinel,2021-10-21,0.21521722830304704
Suelo desprovisto,Sentinel,2021-11-05,0.20763752254947354
Suelo desprovisto,Sentinel,2021-11-21,0.20804368023784453
Suelo desprovisto,Sentinel,2021-12-07,0.19517634171718792
Suelo desprovisto,Sentinel,2021-12-23,0.1904936402013338
Suelo desprovisto,Sentinel,2022-01-08,0.1799543112881247
Suelo desprovisto,Sentinel,2022-01-24,0.18333690424100954
Suelo desprovisto,Sentinel,2022-02-09,0.1776734329461811
Suelo desprovisto,Sentinel,2022-02-25,0.17808074199368754
Suelo desprovisto,Sentinel,2022-03-12,0.1887595107778095
Suelo desprovisto,Sentinel,2022-03-28,0.19218963226220673
Suelo desprovisto,Sentinel,2022-04-13,0.19114415044575786
Suelo desprovisto,Sentinel,2022-04-29,0.22177958013891225
Suelo desprovisto,Sentinel,2022-05-15,0.20872656816271795
Suelo desprovisto,Sentinel,2022-05-31,0.12192212288441814
Suelo desprovisto,Sentinel,2022-06-16,0.23073681321262643
Suelo desprovisto,Sentinel,2022-07-01,0.1624271588027658
Suelo desprovisto,Sentinel,2022-07-17,0.11189023578414606
Suelo desprovisto,Sentinel,2022-08-02,0.3907044497956898
Suelo desprovisto,Sentinel,2022-08-18,0.2290407952893472
Suelo desprovisto,Sentinel,2022-09-03,0.21483685198573851
Suelo desprovisto,Sentinel,2022-09-19,0.20987292322151113
Suelo desprovisto,Sentinel,2022-10-05,0.21929187923225837
Suelo desprovisto,Sentinel,2022-10-21,0.20508620657875284
Suelo desprovisto,Sentinel,2022-11-05,0.20588317990364485
Suelo desprovisto,Sentinel,2022-11-21,0.20668015322853683
Suelo desprovisto,Sentinel,2022-12-07,0.20208212858048472
Suelo desprovisto,Sentinel,2022-12-23,0.20043498931636702
Suelo desprovisto,Sentinel,2023-01-08,0.19754869182888596
Suelo desprovisto,Sentinel,2023-01-24,0.18696269435773177
Suelo desprovisto,Sentinel,2023-02-09,0.23666635489691287
Suelo desprovisto,Sentinel,2023-02-25,0.18110323555666588
Suelo desprovisto,Sentinel,2023-03-12,0.18398574813207144
Suelo desprovisto,Sentinel,2023-03-28,0.18276973685184747
Suelo desprovisto,Sentinel,2023-04-13,0.2368894676155588
Suelo desprovisto,Sentinel,2023-04-29,0.20834148852304132
Suelo desprovisto,Sentinel,2023-05-15,0.20704397074361797
Suelo desprovisto,Sentinel,2023-05-31,0.24728776891818297
Suelo desprovisto,Sentinel,2023-06-16,0.19114783788561712
Suelo desprovisto,Sentinel,2023-07-01,0.10529557357029817
Suelo desprovisto,Sentinel,2023-07-17,0.1458140863691417
Suelo desprovisto,Sentinel,2023-08-02,0.22652662460511847
Suelo desprovisto,Sentinel,2023-08-18,0.19286919011894393
Suelo desprovisto,Sentinel,2023-09-03,0.19396558234466854
Suelo desprovisto,Sentinel,2023-09-19,0.19506197457039315
Suelo desprovisto,Sentinel,2023-10-05,0.2291836197983383
Suelo desprovisto,Sentinel,2023-10-21,0.23928020546366832
Suelo desprovisto,Sentinel,2023-11-05,0.04010809542590735
Suelo desprovisto,Sentinel,2023-11-21,0.24273951745231295
Suelo desprovisto,Sentinel,2023-12-07,0.24477828396624723
Suelo desprovisto,Sentinel,2023-12-23,0.24103233079116773
Suelo desprovisto,Sentinel,2024-01-08,0.23274737728882527
Suelo desprovisto,Sentinel,2024-01-24,0.21734664755229374
Suelo desprovisto,Sentinel,2024-02-09,0.21049241975009955
Suelo desprovisto,Sentinel,2024-02-25,0.2171648090436021
Suelo desprovisto,Sentinel,2024-03-11,0.21773760163367117
Suelo desprovisto,Sentinel,2024-03-27,0.22444078579139679
Suelo desprovisto,Sentinel,2024-04-12,0.23375048012425784
Suelo desprovisto,Sentinel,2024-04-28,0.13092464430190193
Suelo desprovisto,Sentinel,2024-05-14,0.1168922901275261
Suelo desprovisto,Sentinel,2024-05-30,0.18027373747162231
Suelo desprovisto,Sentinel,2024-06-15,0.06122582765011459
Suelo desprovisto,Sentinel,2024-06-30,0.08484541747751444
Suelo desprovisto,Sentinel,2024-07-16,0.10846500730491429
Suelo desprovisto,Sentinel,2024-08-01,0.10180900399599671
Suelo desprovisto,Sentinel,2024-08-17,0.05454819703770776
Suelo desprovisto,Sentinel,2024-09-02,0.16619352210791166
Suelo desprovisto,Sentinel,2024-09-18,0.1975423697063567
Suelo desprovisto,Sentinel,2024-10-04,0.20736934753089606
Suelo desprovisto,Sentinel,2024-10-20,0.22354596810978986
Suelo desprovisto,Sentinel,2024-11-04,0.2335869330111002
Suelo desprovisto,Sentinel,2024-11-20,0.22942388747422282
Suelo desprovisto,Sentinel,2024-12-06,0.23039473252376982
Suelo desprovisto,Sentinel,2024-12-22,0.2216541062044938
